,Id,SalePrice,MSSubClass,MSZoning,LotFrontage,LotArea,Street,Alley,LotShape,LandContour,Utilities,LotConfig,LandSlope,Neighborhood,Condition1,Condition2,BldgType,HouseStyle,OverallQual,OverallCond,YearBuilt,YearRemodAdd,RoofStyle,RoofMatl,Exterior1st,Exterior2nd,MasVnrType,MasVnrArea,ExterQual,ExterCond,Foundation,BsmtQual,BsmtCond,BsmtExposure,BsmtFinType1,BsmtFinSF1,BsmtFinType2,BsmtFinSF2,BsmtUnfSF,TotalBsmtSF,Heating,HeatingQC,CentralAir,Electrical,1stFlrSF,2ndFlrSF,LowQualFinSF,GrLivArea,BsmtFullBath,BsmtHalfBath,FullBath,HalfBath,BedroomAbvGr,KitchenAbvGr,KitchenQual,TotRmsAbvGrd,Functional,Fireplaces,FireplaceQu,GarageType,GarageYrBlt,GarageFinish,GarageCars,GarageArea,GarageQual,GarageCond,PavedDrive,WoodDeckSF,OpenPorchSF,EnclosedPorch,3SsnPorch,ScreenPorch,PoolArea,PoolQC,Fence,MiscFeature,MiscVal,MoSold,YrSold,SaleType,SaleCondition,LotFrontagena,MasVnrAreana,GarageYrBltna,LotFrontage_na,MasVnrArea_na,GarageYrBlt_na
0,530,12.209187788430318,20.0,3.0,4.0943445622221,10.394151284478164,1.0,2.0,1.0,1.0,1.0,4.0,0.0,16.0,2.0,1.0,3.0,3.0,6.0,3.0,1957.0,1975.0,2.0,0.0,1.0,5.0,1.0,0.0,2.0,3.0,4.0,2.0,3.0,1.0,1.0,1219.0,4.0,0.0,816.0,2035.0,2.0,2.0,1.0,3.0,7.83002808253384,0.0,0.0,7.83002808253384,1.0,0.0,3.0,0.0,4.0,2.0,1.0,9.000000000000002,0.0,2.0,3.0,4.0,1975.0,2.0,2.0,484.0,2.0,3.0,2.0,0.0,0.0,200.0,0.0,0.0,0.0,0.0,3.0,2.0,0.0,3.000000000000001,2007.0,2.0,0.0,1.0,1.0,0.0,0.0,0.0,0.0
1,492,11.79810440720389,50.0,3.0,4.3694478524670215,9.157993891603972,1.0,2.0,0.0,1.0,1.0,0.0,0.0,8.0,0.0,1.0,3.0,1.0,6.0,7.0,1941.0,1950.0,0.0,0.0,1.0,1.0,0.0,0.0,1.0,3.0,2.0,2.0,3.0,1.0,2.0,403.0,3.0,165.00000000000003,238.0,806.0,2.0,2.0,1.0,2.0,6.86484777797086,620.0,0.0,7.363913501405819,1.0,0.0,1.0,0.0,3.0,1.0,0.0,5.000000000000001,4.0,2.0,3.0,4.0,1941.0,1.0,1.0,240.0,2.0,3.0,2.0,0.0,0.0,32.0,0.0,0.0,0.0,0.0,2.0,2.0,0.0,8.000000000000002,2006.0,2.0,3.0,0.0,0.0,0.0,0.0,0.0,0.0
2,460,11.608235644774552,50.0,3.0,4.0943445622221,8.85580599253656,1.0,2.0,1.0,0.0,1.0,2.0,0.0,4.0,2.0,1.0,3.0,1.0,5.0,4.0,1950.0,1950.0,0.0,0.0,3.0,2.0,1.0,161.0,1.0,3.0,2.0,2.0,3.0,1.0,3.0,185.0,4.0,0.0,524.0,709.0,2.0,2.0,1.0,3.0,6.88653164253051,224.0,0.0,7.0925737159746784,1.0,0.0,1.0,0.0,3.0,1.0,2.0,5.000000000000001,4.0,1.0,3.0,2.0,1950.0,1.0,1.0,352.0,2.0,3.0,2.0,0.0,0.0,248.0,0.0,0.0,0.0,0.0,3.0,2.0,0.0,7.000000000000002,2009.0,2.0,3.0,1.0,0.0,0.0,0.0,0.0,0.0
3,280,12.165250651009918,60.0,3.0,4.418840607796598,9.210840247017831,1.0,2.0,0.0,1.0,1.0,0.0,0.0,17.0,2.0,1.0,3.0,5.0,7.0,5.0,1977.0,1977.0,2.0,0.0,7.0,7.0,2.0,299.0,1.0,3.0,2.0,3.0,3.0,1.0,2.0,392.0,4.0,0.0,768.0,1160.0,2.0,4.0,1.0,3.0,7.052721049232323,866.0,0.0,7.611842399580417,0.0,0.0,2.0,1.0,4.0,1.0,1.0,8.000000000000002,4.0,1.0,3.0,4.0,1977.0,3.0,2.0,505.0,2.0,3.0,2.0,288.00000000000006,117.0,0.0,0.0,0.0,0.0,0.0,3.0,2.0,0.0,3.000000000000001,2008.0,2.0,3.0,0.0,0.0,0.0,0.0,0.0,0.0
4,656,11.385092093460344,160.0,1.0,3.044522437723423,7.426549072397303,1.0,2.0,0.0,1.0,1.0,0.0,0.0,2.0,2.0,1.0,2.0,5.0,6.0,5.0,1971.0,1971.0,0.0,0.0,6.0,5.0,2.0,381.0,1.0,3.0,2.0,2.0,3.0,1.0,5.0,0.0,4.0,0.0,525.0,525.0,2.0,2.0,1.0,3.0,6.263398262591624,567.0,0.0,6.9957661563048505,0.0,0.0,1.0,1.0,3.0,1.0,1.0,6.000000000000002,4.0,0.0,1.0,2.0,1971.0,1.0,1.0,264.0,2.0,3.0,2.0,0.0,0.0,0.0,0.0,0.0,0.0,0.0,3.0,2.0,0.0,3.000000000000001,2010.0,2.0,2.0,0.0,0.0,0.0,0.0,0.0,0.0
5,1014,11.350406535472453,30.0,1.0,4.0943445622221,8.881836305004144,1.0,2.0,0.0,1.0,1.0,0.0,0.0,5.0,2.0,1.0,3.0,3.0,5.0,4.0,1910.0,2006.0,2.0,0.0,3.0,4.0,0.0,0.0,1.0,3.0,1.0,2.0,3.0,1.0,4.0,247.0,3.0,465.0000000000001,310.0,1022.0,1.0,2.0,0.0,3.0,6.92951677076365,0.0,0.0,6.92951677076365,1.0,0.0,1.0,0.0,2.0,1.0,1.0,4.000000000000001,0.0,0.0,1.0,2.0,1956.0,1.0,1.0,280.0,2.0,3.0,2.0,0.0,30.0,226.0,0.0,0.0,0.0,0.0,3.0,2.0,0.0,6.000000000000002,2009.0,2.0,3.0,0.0,0.0,0.0,0.0,0.0,0.0
6,1404,12.552926520261092,20.0,3.0,3.8918202981106265,9.632728147280254,1.0,2.0,1.0,1.0,1.0,4.0,0.0,18.0,3.0,1.0,3.0,3.0,8.0,5.0,2007.0,2007.0,0.0,0.0,10.0,10.0,3.0,84.0,2.0,3.0,4.0,3.0,3.0,4.0,6.0,929.0,4.0,0.0,556.0,1485.0,2.0,4.0,1.0,3.0,7.288927694521257,0.0,0.0,7.288927694521257,1.0,0.0,2.0,0.0,3.0,1.0,2.0,6.000000000000002,4.0,0.0,1.0,4.0,2007.0,1.0,3.0,754.0,2.0,3.0,2.0,168.00000000000003,160.0,0.0,0.0,0.0,0.0,0.0,3.0,2.0,0.0,8.000000000000002,2007.0,2.0,3.0,0.0,0.0,0.0,0.0,0.0,0.0
7,602,11.856515169360305,50.0,1.0,3.912023005428146,9.104979856318355,1.0,2.0,0.0,0.0,1.0,0.0,0.0,0.0,2.0,1.0,3.0,1.0,6.0,6.0,1937.0,1950.0,0.0,0.0,1.0,1.0,0.0,0.0,1.0,2.0,4.0,2.0,3.0,1.0,5.0,0.0,4.0,0.0,780.0,780.0,2.0,2.0,1.0,3.0,6.659293919683638,595.0,0.0,7.226209010100671,0.0,0.0,1.0,1.0,3.0,1.0,2.0,6.000000000000002,4.0,1.0,4.0,2.0,1979.0,1.0,1.0,544.0,2.0,3.0,1.0,0.0,162.0,0.0,0.0,126.0,0.0,0.0,3.0,2.0,0.0,12.000000000000004,2007.0,2.0,3.0,0.0,0.0,0.0,0.0,0.0,0.0
8,1183,13.521139497361697,60.0,3.0,5.075173815233827,9.656499466411901,1.0,2.0,1.0,1.0,1.0,2.0,0.0,22.0,2.0,1.0,3.0,5.0,10.0,5.0,1996.0,1996.0,2.0,0.0,1.0,5.0,0.0,0.0,2.0,3.0,4.0,4.0,3.0,3.0,6.0,2096.0,4.0,0.0,300.0,2396.0,2.0,4.0,1.0,3.0,7.787796878181171,2065.0,0.0,8.406485069431817,1.0,0.0,3.0,1.0,4.0,1.0,3.0,10.000000000000002,4.0,2.0,3.0,4.0,1996.0,3.0,3.0,813.0,2.0,3.0,2.0,171.00000000000003,78.0,0.0,0.0,0.0,555.0,1.0,2.0,2.0,0.0,7.000000000000002,2007.0,2.0,1.0,0.0,0.0,0.0,0.0,0.0,0.0
9,688,11.910358401381128,160.0,4.0,4.0943445622221,8.537975730598765,1.0,2.0,3.0,1.0,1.0,1.0,0.0,18.0,2.0,1.0,4.0,5.0,7.0,5.0,2004.0,2004.0,0.0,0.0,3.0,2.0,0.0,0.0,2.0,3.0,4.0,3.0,3.0,1.0,6.0,239.0,4.0,0.0,312.0,551.0,2.0,4.0,1.0,3.0,6.311734809152915,551.0,0.0,7.004881989712859,0.0,0.0,2.0,1.0,2.0,1.0,2.0,4.000000000000001,4.0,0.0,1.0,2.0,2004.0,1.0,2.0,480.0,2.0,3.0,2.0,0.0,60.0,0.0,0.0,0.0,0.0,0.0,3.0,2.0,0.0,3.000000000000001,2007.0,2.0,3.0,1.0,0.0,0.0,0.0,0.0,0.0
10,1318,12.249610947544657,120.0,4.0,3.8501476017100584,8.349957272040323,1.0,1.0,0.0,1.0,1.0,2.0,0.0,18.0,2.0,1.0,4.0,3.0,7.0,5.0,2006.0,2007.0,0.0,0.0,10.0,10.0,0.0,0.0,2.0,3.0,4.0,4.0,4.0,1.0,5.0,0.0,4.0,0.0,1352.0,1352.0,2.0,4.0,1.0,3.0,7.20934025660291,0.0,0.0,7.20934025660291,0.0,0.0,2.0,0.0,2.0,1.0,2.0,5.000000000000001,4.0,1.0,4.0,4.0,2006.0,2.0,2.0,466.0,2.0,3.0,2.0,0.0,241.0,0.0,0.0,0.0,0.0,0.0,3.0,2.0,0.0,4.000000000000001,2007.0,3.0,4.0,0.0,0.0,0.0,0.0,0.0,0.0
11,1004,11.827042533619087,90.0,3.0,4.0943445622221,9.35010231435134,1.0,2.0,1.0,1.0,1.0,2.0,0.0,12.0,1.0,0.0,1.0,3.0,5.0,6.0,1976.0,1976.0,0.0,0.0,10.0,10.0,2.0,164.0,1.0,3.0,2.0,2.0,3.0,1.0,5.0,0.0,4.0,0.0,1680.0,1680.0,2.0,1.0,1.0,3.0,7.426549072397305,0.0,0.0,7.426549072397305,0.0,0.0,2.0,0.0,4.0,2.0,1.0,8.000000000000002,4.0,0.0,1.0,2.0,1976.0,1.0,2.0,528.0,2.0,3.0,2.0,0.0,0.0,0.0,0.0,0.0,0.0,0.0,3.0,2.0,0.0,6.000000000000002,2007.0,2.0,3.0,1.0,0.0,0.0,0.0,0.0,0.0
12,1301,12.323855681186558,60.0,3.0,4.0943445622221,9.283776690049363,1.0,2.0,1.0,1.0,1.0,4.0,0.0,13.0,2.0,1.0,3.0,5.0,7.0,5.0,1999.0,1999.0,0.0,0.0,10.0,10.0,0.0,344.0,2.0,3.0,4.0,3.0,3.0,1.0,6.0,694.0,4.0,0.0,284.0,978.0,2.0,4.0,1.0,3.0,6.912742820493176,978.0,0.0,7.592366128519796,0.0,0.0,2.0,1.0,3.0,1.0,2.0,9.000000000000002,4.0,1.0,3.0,4.0,1999.0,3.0,2.0,490.0,2.0,3.0,2.0,0.0,0.0,0.0,0.0,0.0,0.0,0.0,3.0,2.0,0.0,5.000000000000001,2009.0,2.0,3.0,1.0,0.0,0.0,0.0,0.0,0.0
13,1393,11.719939634354555,85.0,3.0,4.219507705176107,8.966738978759574,1.0,2.0,0.0,1.0,1.0,0.0,0.0,8.0,2.0,1.0,3.0,0.0,5.0,5.0,1967.0,1967.0,0.0,0.0,6.0,6.0,0.0,0.0,1.0,3.0,2.0,2.0,3.0,3.0,4.0,769.0,4.0,0.0,95.0,864.0,2.0,2.0,1.0,3.0,6.802394763324311,0.0,0.0,6.802394763324311,1.0,0.0,1.0,0.0,3.0,1.0,1.0,6.000000000000002,4.0,1.0,0.0,4.0,1967.0,2.0,1.0,288.0,2.0,3.0,2.0,175.00000000000003,144.0,0.0,0.0,0.0,0.0,0.0,1.0,2.0,0.0,12.000000000000004,2006.0,2.0,3.0,0.0,0.0,0.0,0.0,0.0,0.0
14,1015,11.688558033613386,20.0,3.0,4.0943445622221,9.364262454248438,1.0,2.0,0.0,1.0,1.0,0.0,0.0,8.0,0.0,1.0,3.0,3.0,6.0,5.0,1948.0,1950.0,0.0,0.0,3.0,2.0,2.0,206.0,1.0,3.0,2.0,2.0,2.0,1.0,2.0,336.0,4.0,0.0,746.0,1082.0,2.0,2.0,1.0,3.0,6.9865664594064265,0.0,0.0,6.9865664594064265,0.0,0.0,1.0,0.0,2.0,1.0,1.0,5.000000000000001,4.0,1.0,4.0,2.0,1948.0,1.0,1.0,240.0,2.0,3.0,2.0,0.0,130.0,0.0,0.0,0.0,0.0,0.0,3.0,2.0,0.0,11.000000000000002,2007.0,2.0,3.0,0.0,0.0,0.0,0.0,0.0,0.0
15,255,11.884489021402711,20.0,3.0,4.248495242049359,9.035986984831403,1.0,2.0,0.0,1.0,1.0,0.0,0.0,8.0,2.0,1.0,3.0,3.0,5.0,6.0,1957.0,1957.0,0.0,0.0,3.0,2.0,0.0,0.0,1.0,2.0,2.0,2.0,3.0,1.0,1.0,922.0,4.0,0.0,392.0,1314.0,2.0,2.0,1.0,3.0,7.1808311990445555,0.0,0.0,7.1808311990445555,1.0,0.0,1.0,0.0,3.0,1.0,1.0,5.000000000000001,4.0,0.0,1.0,4.0,1957.0,2.0,1.0,294.0,2.0,3.0,2.0,250.00000000000006,0.0,0.0,0.0,0.0,0.0,0.0,3.0,2.0,0.0,6.000000000000002,2010.0,2.0,3.0,0.0,0.0,0.0,0.0,0.0,0.0
16,1323,12.154779351142624,60.0,3.0,4.672828834461906,9.228769507444548,1.0,2.0,1.0,1.0,1.0,0.0,0.0,22.0,2.0,1.0,3.0,5.0,7.0,5.0,1992.0,1992.0,0.0,0.0,6.0,6.0,0.0,0.0,2.0,3.0,4.0,3.0,3.0,1.0,6.0,674.0,4.0,0.0,76.0,750.0,2.0,4.0,1.0,3.0,6.966967138613983,862.0,0.0,7.56164174558878,1.0,0.0,2.0,1.0,3.0,1.0,2.0,8.000000000000002,4.0,1.0,3.0,4.0,1992.0,2.0,2.0,564.0,2.0,3.0,2.0,240.00000000000006,39.0,0.0,0.0,0.0,0.0,0.0,3.0,2.0,0.0,6.000000000000002,2010.0,2.0,3.0,0.0,0.0,0.0,0.0,0.0,0.0
17,90,11.724805824005728,20.0,3.0,4.0943445622221,8.995908761263992,1.0,2.0,0.0,1.0,1.0,0.0,0.0,15.0,2.0,1.0,3.0,3.0,4.0,5.0,1994.0,1995.0,0.0,0.0,10.0,10.0,0.0,0.0,1.0,3.0,4.0,3.0,3.0,1.0,6.0,588.0,4.0,0.0,402.0,990.0,2.0,4.0,1.0,3.0,6.897704943128636,0.0,0.0,6.897704943128636,1.0,0.0,1.0,0.0,3.0,1.0,1.0,5.000000000000001,4.0,0.0,1.0,0.0,2005.0,0.0,0.0,0.0,0.0,0.0,2.0,0.0,0.0,0.0,0.0,0.0,0.0,0.0,3.0,2.0,0.0,8.000000000000002,2007.0,2.0,3.0,0.0,0.0,1.0,0.0,0.0,0.0
18,32,11.914047823644255,20.0,3.0,4.0943445622221,9.052984561199974,1.0,2.0,1.0,1.0,1.0,4.0,0.0,6.0,2.0,1.0,3.0,3.0,5.0,6.0,1966.0,2006.0,0.0,0.0,6.0,6.0,0.0,0.0,1.0,3.0,2.0,2.0,3.0,1.0,5.0,0.0,4.0,0.0,1228.0,1228.0,2.0,3.0,1.0,3.0,7.113142108707088,0.0,0.0,7.113142108707088,0.0,0.0,1.0,1.0,3.0,1.0,2.0,6.000000000000002,4.0,0.0,1.0,4.0,1966.0,1.0,1.0,271.0,2.0,3.0,2.0,0.0,65.0,0.0,0.0,0.0,0.0,0.0,2.0,2.0,0.0,6.000000000000002,2008.0,2.0,3.0,1.0,0.0,0.0,0.0,0.0,0.0
19,483,11.951180395901384,70.0,1.0,3.912023005428146,7.82404601085629,1.0,1.0,0.0,1.0,1.0,2.0,0.0,5.0,2.0,1.0,3.0,5.0,7.0,8.0,1915.0,2005.0,0.0,0.0,4.0,4.0,0.0,0.0,2.0,3.0,4.0,2.0,3.0,1.0,4.0,299.0,4.0,0.0,611.0,910.0,2.0,4.0,1.0,3.0,6.82001636467413,910.0,0.0,7.509883061154913,1.0,0.0,1.0,1.0,4.0,1.0,3.0,7.000000000000002,1.0,1.0,4.0,4.0,1915.0,1.0,1.0,164.0,1.0,1.0,2.0,0.0,0.0,0.0,0.0,0.0,0.0,0.0,3.0,2.0,0.0,6.000000000000002,2009.0,2.0,3.0,0.0,0.0,0.0,0.0,0.0,0.0
20,143,12.01974306733868,50.0,3.0,4.2626798770413155,9.05017161982336,1.0,2.0,0.0,1.0,1.0,2.0,0.0,8.0,0.0,1.0,3.0,1.0,5.0,4.0,1952.0,1952.0,0.0,0.0,8.0,1.0,0.0,0.0,1.0,0.0,2.0,2.0,3.0,1.0,1.0,507.0,4.0,0.0,403.0,910.0,2.0,1.0,1.0,3.0,6.813444599510896,475.0,0.0,7.233455418621439,0.0,0.0,2.0,0.0,4.0,1.0,1.0,6.000000000000002,4.0,0.0,1.0,2.0,2000.0,1.0,2.0,720.0,2.0,3.0,2.0,0.0,0.0,0.0,0.0,0.0,0.0,0.0,2.0,2.0,0.0,6.000000000000002,2010.0,2.0,3.0,0.0,0.0,0.0,0.0,0.0,0.0
21,812,11.881034786534624,120.0,1.0,4.0943445622221,8.397959103492537,1.0,2.0,0.0,1.0,1.0,0.0,0.0,15.0,2.0,1.0,4.0,3.0,6.0,5.0,2004.0,2004.0,0.0,0.0,10.0,10.0,2.0,169.0,2.0,3.0,4.0,3.0,3.0,4.0,6.0,662.0,4.0,0.0,186.0,848.0,2.0,4.0,1.0,3.0,6.742880635791903,0.0,0.0,6.742880635791903,1.0,0.0,1.0,0.0,1.0,1.0,2.0,4.000000000000001,4.0,1.0,4.0,4.0,2004.0,3.0,2.0,420.0,2.0,3.0,2.0,140.00000000000003,0.0,0.0,0.0,0.0,0.0,0.0,3.0,2.0,0.0,6.000000000000002,2008.0,1.0,3.0,1.0,0.0,0.0,0.0,0.0,0.0
22,53,11.608235644774552,90.0,1.0,4.700480365792417,9.04452188728124,0.0,2.0,3.0,0.0,1.0,2.0,1.0,0.0,4.0,1.0,1.0,3.0,5.0,5.0,1963.0,1963.0,0.0,0.0,1.0,1.0,0.0,0.0,0.0,3.0,2.0,3.0,3.0,4.0,3.0,104.0,5.0,712.0000000000001,0.0,816.0,2.0,2.0,0.0,3.0,6.704414354964107,0.0,0.0,6.704414354964107,1.0,0.0,1.0,0.0,2.0,1.0,1.0,5.000000000000001,4.0,0.0,1.0,1.0,1963.0,1.0,2.0,516.0,2.0,3.0,2.0,106.00000000000003,0.0,0.0,0.0,0.0,0.0,0.0,3.0,2.0,0.0,5.000000000000001,2010.0,2.0,3.0,0.0,0.0,0.0,0.0,0.0,0.0
23,858,12.066810578196666,60.0,3.0,4.174387269895637,9.002701007197937,1.0,2.0,0.0,1.0,1.0,0.0,0.0,13.0,2.0,1.0,3.0,5.0,6.0,5.0,1994.0,1995.0,0.0,0.0,6.0,6.0,0.0,0.0,1.0,3.0,4.0,3.0,3.0,1.0,5.0,0.0,4.0,0.0,702.0,702.0,2.0,3.0,1.0,3.0,6.553933404025811,779.0,0.0,7.300472814267799,0.0,0.0,2.0,1.0,3.0,1.0,1.0,6.000000000000002,4.0,1.0,3.0,4.0,1994.0,3.0,2.0,343.0,2.0,3.0,2.0,0.0,36.0,0.0,0.0,0.0,0.0,0.0,3.0,2.0,0.0,3.000000000000001,2009.0,2.0,3.0,0.0,0.0,0.0,0.0,0.0,0.0
24,1160,12.128111104060462,60.0,3.0,4.330733340286331,9.118225083068376,1.0,2.0,0.0,1.0,1.0,0.0,0.0,12.0,2.0,1.0,3.0,5.0,6.0,6.0,1974.0,1974.0,2.0,0.0,6.0,6.0,2.0,270.0,2.0,3.0,2.0,2.0,3.0,1.0,4.0,442.0,4.0,0.0,459.0,901.0,2.0,2.0,1.0,3.0,6.849066282633458,933.0,0.0,7.53689712956617,0.0,0.0,2.0,1.0,4.0,1.0,2.0,8.000000000000002,4.0,1.0,3.0,4.0,1974.0,2.0,2.0,540.0,3.0,3.0,2.0,0.0,69.0,0.0,0.0,0.0,0.0,0.0,3.0,2.0,0.0,7.000000000000002,2008.0,2.0,3.0,0.0,0.0,0.0,0.0,0.0,0.0
25,992,12.031719258385396,70.0,1.0,4.795790545596741,9.779680156808054,1.0,0.0,0.0,1.0,1.0,2.0,0.0,5.0,0.0,1.0,3.0,5.0,8.0,9.0,1882.0,1986.0,0.0,0.0,1.0,1.0,0.0,0.0,2.0,2.0,1.0,2.0,3.0,1.0,2.0,216.0,4.0,0.0,700.0,916.0,2.0,3.0,1.0,3.0,6.82001636467413,826.0,0.0,7.462789157412448,0.0,0.0,1.0,1.0,4.0,1.0,2.0,8.000000000000002,4.0,1.0,4.0,4.0,1925.0,1.0,2.0,424.0,2.0,3.0,1.0,0.0,169.0,0.0,0.0,0.0,0.0,0.0,3.0,2.0,0.0,11.000000000000002,2009.0,2.0,3.0,0.0,0.0,0.0,0.0,0.0,0.0
26,1359,12.086725887897607,160.0,4.0,4.0943445622221,7.657755271134864,1.0,2.0,0.0,1.0,1.0,0.0,0.0,18.0,2.0,1.0,2.0,5.0,6.0,5.0,2000.0,2000.0,0.0,0.0,3.0,2.0,2.0,216.0,2.0,3.0,4.0,3.0,3.0,1.0,6.0,378.0,4.0,0.0,378.0,756.0,2.0,4.0,1.0,3.0,6.645090969505644,804.0,0.0,7.360739903058278,0.0,0.0,2.0,1.0,3.0,1.0,2.0,5.000000000000001,4.0,0.0,1.0,2.0,2000.0,1.0,2.0,440.0,2.0,3.0,2.0,0.0,32.0,0.0,0.0,0.0,0.0,0.0,3.0,2.0,0.0,6.000000000000002,2010.0,2.0,3.0,1.0,0.0,0.0,0.0,0.0,0.0
27,650,11.344506813345266,180.0,1.0,3.044522437723423,7.56837926783652,1.0,2.0,0.0,1.0,1.0,0.0,0.0,1.0,2.0,1.0,2.0,0.0,4.0,6.0,1970.0,1970.0,0.0,0.0,9.0,9.0,0.0,0.0,1.0,3.0,2.0,3.0,3.0,3.0,2.0,131.0,5.0,499.0000000000001,0.0,630.0,2.0,3.0,1.0,3.0,6.4457198193855785,0.0,0.0,6.4457198193855785,1.0,0.0,1.0,0.0,1.0,1.0,1.0,3.000000000000001,4.0,0.0,1.0,0.0,2005.0,0.0,0.0,0.0,0.0,0.0,2.0,0.0,0.0,0.0,0.0,0.0,0.0,0.0,2.0,2.0,0.0,12.000000000000004,2007.0,2.0,3.0,0.0,0.0,1.0,0.0,0.0,0.0
28,725,12.676076274775909,20.0,3.0,4.454347296253507,9.494466128225184,1.0,2.0,1.0,1.0,1.0,0.0,0.0,3.0,2.0,1.0,3.0,3.0,9.0,5.0,2007.0,2008.0,2.0,0.0,9.0,9.0,3.0,340.0,3.0,3.0,4.0,4.0,3.0,1.0,6.0,1234.0,4.0,0.0,464.0,1698.0,2.0,4.0,1.0,3.0,7.437206366871292,0.0,0.0,7.437206366871292,1.0,0.0,2.0,0.0,3.0,1.0,3.0,8.000000000000002,4.0,1.0,4.0,4.0,2007.0,3.0,3.0,768.0,2.0,3.0,2.0,327.00000000000006,64.0,0.0,0.0,0.0,0.0,0.0,3.0,2.0,0.0,2.0000000000000004,2009.0,2.0,3.0,0.0,0.0,0.0,0.0,0.0,0.0
29,576,11.682668239557323,50.0,3.0,4.382026634673881,9.045465728785947,1.0,2.0,0.0,1.0,1.0,0.0,0.0,8.0,2.0,1.0,3.0,1.0,5.0,5.0,1947.0,1950.0,0.0,0.0,3.0,2.0,0.0,0.0,1.0,3.0,2.0,2.0,3.0,1.0,1.0,442.0,4.0,0.0,390.0,832.0,2.0,2.0,1.0,3.0,6.723832440821209,384.0,0.0,7.103322062526113,0.0,0.0,1.0,0.0,2.0,1.0,1.0,6.000000000000002,4.0,0.0,1.0,2.0,1947.0,1.0,1.0,336.0,2.0,3.0,2.0,158.00000000000003,0.0,102.0,0.0,0.0,0.0,0.0,3.0,2.0,0.0,10.000000000000002,2008.0,0.0,1.0,0.0,0.0,0.0,0.0,0.0,0.0
30,729,11.608235644774552,90.0,3.0,4.442651256490317,9.347926034928744,1.0,2.0,0.0,1.0,1.0,2.0,0.0,8.0,2.0,1.0,1.0,3.0,5.0,5.0,1958.0,1958.0,0.0,0.0,10.0,10.0,2.0,95.0,1.0,3.0,2.0,2.0,3.0,1.0,5.0,0.0,4.0,0.0,1584.0,1584.0,2.0,2.0,1.0,3.0,7.4821189235521155,0.0,0.0,7.4821189235521155,1.0,0.0,2.0,0.0,4.0,2.0,1.0,9.000000000000002,4.0,0.0,1.0,2.0,1968.0,1.0,3.0,888.0,2.0,3.0,2.0,0.0,25.0,0.0,0.0,0.0,0.0,0.0,3.0,2.0,0.0,7.000000000000002,2009.0,0.0,1.0,0.0,0.0,0.0,0.0,0.0,0.0
31,847,12.269047444691562,60.0,3.0,4.31748811353631,9.139595967450424,1.0,2.0,0.0,1.0,1.0,0.0,0.0,10.0,2.0,1.0,3.0,5.0,7.0,5.0,1993.0,1993.0,0.0,0.0,6.0,6.0,2.0,137.0,2.0,3.0,4.0,3.0,3.0,1.0,4.0,513.0,4.0,0.0,227.0,740.0,2.0,4.0,1.0,3.0,6.913737350659685,769.0,0.0,7.4815557019095165,1.0,0.0,2.0,1.0,3.0,1.0,2.0,7.000000000000002,4.0,1.0,3.0,4.0,1993.0,1.0,2.0,425.0,2.0,3.0,2.0,234.00000000000006,72.0,192.0,0.0,0.0,0.0,0.0,3.0,2.0,0.0,7.000000000000002,2009.0,2.0,3.0,0.0,0.0,0.0,0.0,0.0,0.0
32,361,11.957611286231675,85.0,3.0,4.0943445622221,8.927977461002,1.0,2.0,1.0,1.0,1.0,4.0,0.0,9.0,2.0,1.0,3.0,0.0,6.0,6.0,1978.0,1978.0,0.0,0.0,10.0,10.0,0.0,0.0,1.0,3.0,2.0,3.0,3.0,3.0,6.0,773.0,4.0,0.0,115.0,888.0,2.0,4.0,1.0,3.0,6.815639990074331,0.0,0.0,6.815639990074331,1.0,0.0,1.0,0.0,2.0,1.0,1.0,5.000000000000001,4.0,1.0,3.0,4.0,1978.0,2.0,2.0,470.0,2.0,3.0,2.0,0.0,0.0,0.0,0.0,192.0,0.0,0.0,2.0,2.0,0.0,6.000000000000002,2007.0,2.0,3.0,1.0,0.0,0.0,0.0,0.0,0.0
33,5,12.429216196844383,60.0,3.0,4.430816798843313,9.565213693968285,1.0,2.0,1.0,1.0,1.0,1.0,0.0,22.0,2.0,1.0,3.0,5.0,8.0,5.0,2000.0,2000.0,0.0,0.0,10.0,10.0,2.0,350.0,2.0,3.0,4.0,3.0,3.0,3.0,6.0,655.0,4.0,0.0,490.0,1145.0,2.0,4.0,1.0,3.0,7.0431599159883405,1053.0,0.0,7.6953031349635665,1.0,0.0,2.0,1.0,4.0,1.0,2.0,9.000000000000002,4.0,1.0,3.0,4.0,2000.0,2.0,3.0,836.0,2.0,3.0,2.0,192.00000000000006,84.0,0.0,0.0,0.0,0.0,0.0,3.0,2.0,0.0,12.000000000000004,2008.0,2.0,3.0,0.0,0.0,0.0,0.0,0.0,0.0
34,679,12.827992316801751,20.0,3.0,4.382026634673881,9.37957668922148,1.0,2.0,1.0,1.0,1.0,0.0,0.0,20.0,2.0,1.0,3.0,3.0,8.0,5.0,2008.0,2008.0,2.0,0.0,10.0,10.0,3.0,464.0,2.0,3.0,4.0,4.0,3.0,2.0,5.0,0.0,4.0,0.0,2046.0,2046.0,2.0,4.0,1.0,3.0,7.6236419465115715,0.0,0.0,7.6236419465115715,0.0,0.0,2.0,1.0,3.0,1.0,2.0,7.000000000000002,4.0,1.0,4.0,4.0,2008.0,3.0,3.0,834.0,2.0,3.0,2.0,322.00000000000006,82.0,0.0,0.0,0.0,0.0,0.0,3.0,2.0,0.0,7.000000000000002,2009.0,3.0,4.0,0.0,0.0,0.0,0.0,0.0,0.0
35,559,12.072541252905651,60.0,3.0,4.04305126783455,9.992962558963729,1.0,2.0,3.0,3.0,1.0,1.0,0.0,13.0,2.0,1.0,3.0,5.0,7.0,5.0,1996.0,1997.0,0.0,0.0,6.0,6.0,0.0,0.0,1.0,3.0,4.0,3.0,3.0,4.0,6.0,604.0,4.0,0.0,125.0,729.0,2.0,4.0,1.0,3.0,6.591673732008658,717.0,0.0,7.27655640271871,0.0,1.0,2.0,1.0,3.0,1.0,1.0,6.000000000000002,4.0,1.0,3.0,4.0,1996.0,1.0,2.0,406.0,2.0,3.0,2.0,264.00000000000006,22.0,0.0,0.0,0.0,0.0,0.0,3.0,2.0,0.0,8.000000000000002,2008.0,2.0,3.0,0.0,0.0,0.0,0.0,0.0,0.0
36,35,12.533576212168626,120.0,3.0,4.0943445622221,8.897408865270949,1.0,2.0,0.0,1.0,1.0,0.0,0.0,21.0,2.0,1.0,4.0,3.0,9.0,5.0,2005.0,2005.0,2.0,0.0,3.0,2.0,2.0,246.0,3.0,3.0,4.0,4.0,3.0,1.0,6.0,1153.0,4.0,0.0,408.0,1561.0,2.0,4.0,1.0,3.0,7.353081920515432,0.0,0.0,7.353081920515432,1.0,0.0,2.0,0.0,2.0,1.0,3.0,6.000000000000002,4.0,1.0,4.0,4.0,2005.0,3.0,2.0,556.0,2.0,3.0,2.0,203.00000000000006,47.0,0.0,0.0,0.0,0.0,0.0,3.0,2.0,0.0,8.000000000000002,2007.0,2.0,3.0,0.0,0.0,0.0,0.0,0.0,0.0
37,1026,11.630708500626612,20.0,3.0,4.248495242049359,8.948975607841774,1.0,2.0,0.0,1.0,1.0,2.0,0.0,15.0,2.0,1.0,3.0,3.0,5.0,5.0,1972.0,1972.0,0.0,0.0,10.0,10.0,0.0,0.0,1.0,3.0,2.0,2.0,3.0,1.0,3.0,138.0,3.0,468.0000000000001,276.0,882.0,2.0,2.0,1.0,3.0,6.782192056006791,0.0,0.0,6.782192056006791,1.0,0.0,1.0,0.0,3.0,1.0,1.0,5.000000000000001,4.0,0.0,1.0,2.0,1980.0,1.0,2.0,461.0,2.0,3.0,2.0,96.00000000000003,0.0,0.0,0.0,0.0,0.0,0.0,2.0,2.0,0.0,3.000000000000001,2007.0,2.0,3.0,0.0,0.0,0.0,0.0,0.0,0.0
38,550,12.479909311159902,60.0,4.0,4.31748811353631,9.145801850838609,1.0,2.0,0.0,1.0,1.0,0.0,0.0,18.0,2.0,1.0,3.0,5.0,7.0,5.0,2003.0,2004.0,0.0,0.0,10.0,10.0,0.0,0.0,2.0,3.0,4.0,3.0,3.0,1.0,5.0,0.0,4.0,0.0,912.0,912.0,2.0,4.0,1.0,3.0,6.815639990074331,1182.0,0.0,7.646831391430482,0.0,0.0,2.0,1.0,4.0,1.0,2.0,8.000000000000002,4.0,1.0,4.0,5.0,2003.0,3.0,2.0,615.0,2.0,3.0,2.0,182.00000000000003,182.0,0.0,0.0,0.0,0.0,0.0,3.0,2.0,0.0,11.000000000000002,2009.0,2.0,3.0,0.0,0.0,0.0,0.0,0.0,0.0
39,1106,12.691580461311874,60.0,3.0,4.584967478670572,9.41377089198037,1.0,2.0,1.0,1.0,1.0,2.0,0.0,22.0,2.0,1.0,3.0,5.0,8.0,5.0,1994.0,1995.0,0.0,0.0,6.0,6.0,2.0,362.0,2.0,3.0,4.0,4.0,3.0,3.0,6.0,1032.0,4.0,0.0,431.0,1463.0,2.0,4.0,1.0,3.0,7.313220387090301,1122.0,0.0,7.871692664323645,1.0,0.0,2.0,1.0,3.0,1.0,2.0,9.000000000000002,4.0,2.0,3.0,4.0,1994.0,2.0,2.0,712.0,2.0,3.0,2.0,186.00000000000003,32.0,0.0,0.0,0.0,0.0,0.0,3.0,2.0,0.0,4.000000000000001,2010.0,2.0,3.0,0.0,0.0,0.0,0.0,0.0,0.0
40,176,12.400816722322686,20.0,3.0,4.430816798843313,9.442641861075156,1.0,2.0,0.0,1.0,1.0,2.0,0.0,3.0,2.0,1.0,3.0,3.0,6.0,7.0,1950.0,2001.0,0.0,0.0,2.0,3.0,0.0,0.0,1.0,3.0,2.0,2.0,4.0,3.0,4.0,477.0,4.0,0.0,725.0,1202.0,2.0,2.0,1.0,3.0,7.67693714581808,0.0,0.0,7.67693714581808,1.0,0.0,2.0,0.0,4.0,1.0,2.0,7.000000000000002,4.0,1.0,4.0,4.0,1950.0,1.0,2.0,576.0,2.0,3.0,2.0,0.0,29.0,39.0,0.0,0.0,0.0,0.0,2.0,2.0,0.0,6.000000000000002,2007.0,2.0,3.0,0.0,0.0,0.0,0.0,0.0,0.0
41,55,11.77528972943772,80.0,3.0,4.0943445622221,8.872627365918834,1.0,2.0,0.0,0.0,1.0,0.0,1.0,8.0,2.0,1.0,3.0,4.0,5.0,5.0,1955.0,1955.0,0.0,0.0,3.0,2.0,0.0,0.0,1.0,3.0,2.0,2.0,3.0,1.0,4.0,384.0,4.0,0.0,0.0,384.0,2.0,2.0,1.0,3.0,7.215239978730097,0.0,0.0,7.215239978730097,0.0,0.0,1.0,0.0,3.0,1.0,1.0,6.000000000000002,3.0,1.0,3.0,2.0,1962.0,1.0,2.0,572.0,2.0,3.0,2.0,0.0,50.0,0.0,0.0,0.0,0.0,0.0,2.0,2.0,0.0,2.0000000000000004,2007.0,2.0,3.0,0.0,0.0,0.0,0.0,0.0,0.0
42,402,12.01364014498549,20.0,3.0,4.174387269895637,9.078749951588584,1.0,2.0,1.0,1.0,1.0,0.0,0.0,15.0,2.0,1.0,3.0,3.0,7.0,5.0,2005.0,2005.0,0.0,0.0,10.0,10.0,0.0,0.0,2.0,3.0,4.0,3.0,3.0,3.0,6.0,24.0,4.0,0.0,1286.0,1310.0,2.0,4.0,1.0,3.0,7.177782416195197,0.0,0.0,7.177782416195197,0.0,0.0,2.0,0.0,3.0,1.0,2.0,6.000000000000002,4.0,1.0,4.0,4.0,2005.0,3.0,2.0,400.0,2.0,3.0,2.0,0.0,0.0,0.0,0.0,0.0,0.0,0.0,3.0,2.0,0.0,7.000000000000002,2006.0,3.0,4.0,0.0,0.0,0.0,0.0,0.0,0.0
43,1110,12.542544882151386,20.0,3.0,4.672828834461906,9.33802973311707,1.0,2.0,1.0,1.0,1.0,0.0,0.0,21.0,2.0,1.0,3.0,3.0,8.0,5.0,2004.0,2005.0,0.0,0.0,3.0,2.0,3.0,42.0,2.0,3.0,4.0,4.0,3.0,2.0,6.0,1039.0,4.0,0.0,797.0,1836.0,2.0,4.0,1.0,3.0,7.515344571180436,0.0,0.0,7.515344571180436,1.0,0.0,2.0,0.0,3.0,1.0,2.0,7.000000000000002,4.0,1.0,4.0,4.0,2004.0,3.0,3.0,862.0,2.0,3.0,2.0,125.00000000000003,185.0,0.0,0.0,0.0,0.0,0.0,3.0,2.0,0.0,3.000000000000001,2009.0,2.0,3.0,0.0,0.0,0.0,0.0,0.0,0.0
44,232,12.90669184092882,60.0,3.0,5.159055299214529,9.624963417869111,1.0,2.0,1.0,1.0,1.0,0.0,0.0,22.0,2.0,1.0,3.0,5.0,8.0,5.0,1995.0,1996.0,0.0,0.0,10.0,10.0,2.0,506.0,2.0,3.0,4.0,3.0,3.0,1.0,6.0,689.0,4.0,0.0,773.0,1462.0,2.0,4.0,1.0,3.0,7.306531398939505,1304.0,0.0,7.935229539816907,1.0,0.0,2.0,1.0,4.0,1.0,3.0,9.000000000000002,4.0,1.0,3.0,4.0,1995.0,3.0,3.0,810.0,2.0,3.0,2.0,0.0,146.0,202.0,0.0,0.0,0.0,0.0,3.0,2.0,0.0,7.000000000000002,2009.0,2.0,3.0,0.0,0.0,0.0,0.0,0.0,0.0
45,331,11.686878772093667,90.0,3.0,4.0943445622221,9.270870871716212,1.0,2.0,1.0,1.0,1.0,0.0,0.0,8.0,2.0,1.0,1.0,3.0,5.0,4.0,1964.0,1964.0,0.0,0.0,6.0,6.0,2.0,84.0,1.0,3.0,2.0,2.0,3.0,1.0,6.0,40.0,3.0,264.00000000000006,1424.0,1728.0,2.0,2.0,1.0,3.0,7.454719949364001,0.0,0.0,7.454719949364001,0.0,1.0,2.0,0.0,6.0,2.0,1.0,10.000000000000002,4.0,0.0,1.0,2.0,2002.0,1.0,1.0,352.0,2.0,3.0,2.0,155.00000000000003,0.0,0.0,0.0,0.0,0.0,0.0,3.0,2.0,0.0,11.000000000000002,2007.0,2.0,3.0,1.0,0.0,0.0,0.0,0.0,0.0
46,549,11.736069016284437,20.0,1.0,3.8918202981106265,9.01614864261174,1.0,2.0,1.0,3.0,1.0,0.0,0.0,5.0,1.0,0.0,3.0,3.0,5.0,7.0,1955.0,1995.0,0.0,0.0,3.0,2.0,0.0,0.0,1.0,2.0,2.0,2.0,3.0,1.0,3.0,180.0,3.0,645.0000000000001,0.0,825.0,2.0,2.0,1.0,3.0,6.715383386334681,0.0,0.0,6.715383386334681,1.0,0.0,1.0,0.0,2.0,1.0,1.0,4.000000000000001,4.0,0.0,1.0,2.0,1963.0,2.0,2.0,720.0,2.0,3.0,2.0,140.00000000000003,50.0,0.0,0.0,0.0,0.0,0.0,2.0,2.0,0.0,6.000000000000002,2008.0,2.0,3.0,0.0,0.0,0.0,0.0,0.0,0.0
47,234,11.761346823468706,20.0,3.0,4.31748811353631,9.27331517113757,1.0,2.0,0.0,1.0,1.0,2.0,0.0,15.0,2.0,1.0,3.0,3.0,5.0,6.0,1976.0,1976.0,0.0,0.0,6.0,6.0,0.0,0.0,1.0,3.0,2.0,2.0,4.0,3.0,3.0,182.0,6.0,712.0000000000001,0.0,894.0,2.0,2.0,1.0,3.0,6.795705775173514,0.0,0.0,6.795705775173514,1.0,0.0,1.0,0.0,3.0,1.0,1.0,5.000000000000001,4.0,0.0,1.0,4.0,1976.0,1.0,1.0,308.0,2.0,3.0,2.0,365.00000000000006,0.0,0.0,0.0,0.0,0.0,0.0,2.0,2.0,0.0,2.0000000000000004,2010.0,2.0,3.0,0.0,0.0,0.0,0.0,0.0,0.0
48,892,12.058152515453552,60.0,3.0,4.248495242049359,9.32223946447359,1.0,2.0,0.0,1.0,1.0,0.0,0.0,6.0,2.0,1.0,3.0,5.0,6.0,5.0,1978.0,1978.0,2.0,0.0,6.0,6.0,2.0,92.0,1.0,3.0,2.0,2.0,3.0,1.0,3.0,226.0,3.0,500.0000000000001,192.0,918.0,2.0,3.0,1.0,3.0,6.822197390620491,765.0,0.0,7.428333194190806,0.0,0.0,2.0,1.0,3.0,1.0,1.0,7.000000000000002,4.0,1.0,3.0,4.0,1978.0,2.0,2.0,440.0,2.0,3.0,2.0,243.00000000000006,0.0,0.0,0.0,0.0,0.0,0.0,3.0,2.0,0.0,7.000000000000002,2009.0,2.0,3.0,0.0,0.0,0.0,0.0,0.0,0.0
49,1050,11.349229372299439,20.0,3.0,4.0943445622221,9.314700387300423,1.0,2.0,0.0,2.0,1.0,0.0,0.0,3.0,2.0,1.0,3.0,3.0,4.0,7.0,1946.0,2006.0,0.0,0.0,3.0,2.0,0.0,0.0,1.0,3.0,2.0,0.0,1.0,0.0,0.0,0.0,0.0,0.0,0.0,0.0,2.0,4.0,1.0,3.0,6.835184586147301,0.0,0.0,6.835184586147301,0.0,0.0,1.0,0.0,2.0,1.0,2.0,6.000000000000002,4.0,0.0,1.0,2.0,1946.0,1.0,1.0,308.0,2.0,3.0,2.0,0.0,0.0,0.0,0.0,0.0,0.0,0.0,3.0,2.0,0.0,4.000000000000001,2010.0,2.0,1.0,0.0,0.0,0.0,0.0,0.0,0.0
50,162,12.929991484756872,60.0,3.0,4.700480365792417,9.524274815572028,1.0,2.0,1.0,1.0,1.0,0.0,0.0,21.0,2.0,1.0,3.0,5.0,9.0,5.0,2003.0,2004.0,0.0,0.0,10.0,10.0,2.0,664.0,2.0,3.0,4.0,4.0,3.0,3.0,6.0,1016.0,4.0,0.0,556.0,1572.0,2.0,4.0,1.0,3.0,7.360103972989152,1096.0,0.0,7.889084407035514,1.0,0.0,2.0,1.0,3.0,1.0,3.0,10.000000000000002,4.0,2.0,4.0,5.0,2003.0,3.0,3.0,726.0,2.0,3.0,2.0,400.0000000000001,0.0,0.0,0.0,0.0,0.0,0.0,3.0,2.0,0.0,3.000000000000001,2008.0,2.0,3.0,0.0,0.0,0.0,0.0,0.0,0.0
51,487,11.957611286231675,20.0,3.0,4.3694478524670215,9.238830642375808,1.0,2.0,0.0,1.0,1.0,0.0,0.0,8.0,2.0,1.0,3.0,3.0,5.0,7.0,1965.0,1965.0,2.0,0.0,3.0,2.0,2.0,168.0,1.0,3.0,2.0,2.0,3.0,1.0,4.0,836.0,4.0,0.0,237.0,1073.0,2.0,2.0,1.0,3.0,6.9782137426306985,0.0,0.0,6.9782137426306985,1.0,0.0,1.0,1.0,3.0,1.0,1.0,6.000000000000002,4.0,0.0,1.0,4.0,1965.0,2.0,2.0,515.0,2.0,3.0,2.0,0.0,0.0,0.0,0.0,0.0,0.0,0.0,3.0,2.0,0.0,6.000000000000002,2007.0,2.0,3.0,0.0,0.0,0.0,0.0,0.0,0.0
52,1336,12.031123843065632,20.0,3.0,4.382026634673881,9.17471319433303,1.0,2.0,0.0,1.0,1.0,0.0,0.0,12.0,2.0,1.0,3.0,3.0,6.0,5.0,1977.0,1977.0,0.0,0.0,7.0,7.0,2.0,360.0,1.0,3.0,2.0,3.0,3.0,1.0,4.0,686.0,4.0,0.0,664.0,1350.0,2.0,2.0,1.0,3.0,7.195937226475569,0.0,0.0,7.195937226475569,0.0,1.0,2.0,0.0,2.0,1.0,1.0,6.000000000000002,4.0,1.0,3.0,4.0,1977.0,2.0,2.0,630.0,2.0,3.0,2.0,0.0,16.0,0.0,0.0,0.0,0.0,0.0,3.0,2.0,0.0,4.000000000000001,2009.0,2.0,3.0,0.0,0.0,0.0,0.0,0.0,0.0
53,394,11.512925464970229,30.0,3.0,4.0943445622221,8.91543225443266,1.0,2.0,0.0,1.0,1.0,2.0,0.0,4.0,1.0,1.0,3.0,3.0,4.0,5.0,1941.0,1950.0,0.0,0.0,2.0,3.0,0.0,0.0,1.0,3.0,2.0,2.0,3.0,1.0,1.0,266.0,4.0,0.0,522.0,788.0,2.0,2.0,1.0,2.0,6.669498089857879,0.0,0.0,6.669498089857879,0.0,0.0,1.0,0.0,2.0,1.0,1.0,4.000000000000001,4.0,2.0,3.0,0.0,2005.0,0.0,0.0,0.0,0.0,0.0,2.0,0.0,0.0,0.0,0.0,0.0,0.0,0.0,0.0,2.0,0.0,4.000000000000001,2006.0,2.0,1.0,1.0,0.0,1.0,0.0,0.0,0.0
54,427,12.524526376648708,80.0,3.0,4.0943445622221,9.457200449907706,1.0,2.0,0.0,2.0,1.0,0.0,1.0,10.0,2.0,1.0,3.0,4.0,7.0,5.0,1989.0,1989.0,0.0,0.0,1.0,1.0,2.0,145.0,2.0,3.0,4.0,3.0,3.0,4.0,6.0,1518.0,4.0,0.0,0.0,1518.0,2.0,3.0,1.0,3.0,7.404887575616125,0.0,0.0,7.404887575616125,1.0,1.0,2.0,0.0,2.0,1.0,2.0,5.000000000000001,4.0,1.0,3.0,4.0,1989.0,3.0,2.0,569.0,2.0,3.0,2.0,80.00000000000001,0.0,0.0,0.0,396.0,0.0,0.0,3.0,2.0,0.0,8.000000000000002,2009.0,2.0,3.0,1.0,0.0,0.0,0.0,0.0,0.0
55,1341,11.719939634354555,20.0,3.0,4.248495242049359,9.023287640806325,1.0,2.0,0.0,1.0,1.0,0.0,0.0,8.0,2.0,1.0,3.0,3.0,4.0,5.0,1971.0,1971.0,0.0,0.0,3.0,2.0,0.0,0.0,1.0,3.0,2.0,2.0,3.0,1.0,5.0,0.0,4.0,0.0,858.0,858.0,2.0,2.0,1.0,3.0,6.77078942390898,0.0,0.0,6.77078942390898,0.0,0.0,1.0,0.0,3.0,1.0,1.0,5.000000000000001,4.0,0.0,1.0,2.0,1974.0,1.0,4.0,480.0,2.0,3.0,2.0,0.0,0.0,0.0,0.0,0.0,0.0,0.0,0.0,2.0,0.0,6.000000000000002,2007.0,2.0,3.0,0.0,0.0,0.0,0.0,0.0,0.0
56,741,11.790557201568507,70.0,1.0,4.0943445622221,9.169518377455926,1.0,0.0,0.0,1.0,1.0,0.0,0.0,5.0,2.0,1.0,3.0,5.0,5.0,7.0,1910.0,2002.0,0.0,0.0,1.0,3.0,0.0,0.0,1.0,2.0,1.0,1.0,2.0,1.0,5.0,0.0,4.0,0.0,264.0,264.0,2.0,4.0,1.0,3.0,6.643789733147672,664.0,0.0,7.266827347520591,0.0,0.0,2.0,0.0,2.0,1.0,1.0,7.000000000000002,4.0,0.0,1.0,2.0,1910.0,1.0,2.0,360.0,2.0,2.0,2.0,270.00000000000006,0.0,112.0,0.0,0.0,0.0,0.0,4.0,2.0,0.0,5.000000000000001,2007.0,2.0,1.0,0.0,0.0,0.0,0.0,0.0,0.0
57,738,12.387977448827787,60.0,3.0,4.276666119016055,9.255600503381045,1.0,2.0,1.0,3.0,1.0,4.0,0.0,13.0,2.0,1.0,3.0,5.0,8.0,5.0,2005.0,2005.0,0.0,0.0,10.0,10.0,0.0,0.0,2.0,3.0,4.0,3.0,3.0,1.0,5.0,0.0,4.0,0.0,893.0,893.0,2.0,4.0,1.0,3.0,6.803505257608338,900.0,0.0,7.496097345175956,0.0,0.0,2.0,1.0,3.0,1.0,2.0,8.000000000000002,4.0,1.0,4.0,4.0,2005.0,3.0,3.0,800.0,2.0,3.0,2.0,0.0,116.0,0.0,0.0,0.0,0.0,0.0,3.0,2.0,0.0,6.000000000000002,2006.0,2.0,3.0,0.0,0.0,0.0,0.0,0.0,0.0
58,980,11.842229212112828,20.0,3.0,4.382026634673881,9.084323531392695,1.0,2.0,0.0,1.0,1.0,2.0,0.0,6.0,1.0,1.0,3.0,3.0,5.0,6.0,1963.0,1963.0,0.0,0.0,10.0,10.0,0.0,0.0,1.0,3.0,4.0,2.0,3.0,1.0,1.0,651.0,4.0,0.0,470.0,1121.0,2.0,2.0,1.0,3.0,7.02197642307216,0.0,0.0,7.02197642307216,1.0,0.0,1.0,0.0,3.0,1.0,1.0,5.000000000000001,4.0,0.0,1.0,2.0,1963.0,1.0,2.0,480.0,2.0,3.0,2.0,0.0,80.0,0.0,0.0,0.0,0.0,0.0,2.0,2.0,0.0,6.000000000000002,2009.0,2.0,3.0,0.0,0.0,0.0,0.0,0.0,0.0
59,108,11.652687407345388,20.0,1.0,3.912023005428146,8.69951474821019,1.0,2.0,0.0,1.0,1.0,0.0,0.0,5.0,2.0,1.0,3.0,3.0,5.0,5.0,1948.0,1950.0,0.0,0.0,10.0,10.0,0.0,0.0,1.0,3.0,2.0,2.0,3.0,1.0,4.0,104.0,1.0,169.00000000000003,516.0,789.0,2.0,4.0,1.0,3.0,6.670766320845874,0.0,0.0,6.670766320845874,0.0,0.0,1.0,0.0,2.0,1.0,1.0,5.000000000000001,4.0,0.0,1.0,2.0,1948.0,1.0,1.0,250.0,2.0,3.0,2.0,0.0,0.0,0.0,0.0,0.0,0.0,0.0,3.0,2.0,0.0,4.000000000000001,2008.0,2.0,4.0,0.0,0.0,0.0,0.0,0.0,0.0
60,616,11.831379196088763,85.0,3.0,4.382026634673881,9.082507000466297,1.0,2.0,0.0,1.0,1.0,0.0,0.0,8.0,1.0,1.0,3.0,0.0,6.0,7.0,1963.0,1963.0,0.0,0.0,3.0,2.0,2.0,156.0,1.0,2.0,4.0,2.0,3.0,4.0,6.0,763.0,4.0,0.0,173.0,936.0,2.0,4.0,1.0,3.0,6.960347729101308,0.0,0.0,6.960347729101308,1.0,0.0,1.0,0.0,3.0,1.0,2.0,6.000000000000002,4.0,0.0,1.0,4.0,1963.0,2.0,2.0,480.0,2.0,3.0,2.0,120.00000000000003,0.0,0.0,0.0,0.0,0.0,0.0,2.0,2.0,0.0,5.000000000000001,2010.0,2.0,1.0,0.0,0.0,0.0,0.0,0.0,0.0
61,1071,11.813030057420567,20.0,3.0,4.276666119016055,9.225426009394221,1.0,2.0,0.0,1.0,1.0,0.0,0.0,8.0,2.0,1.0,3.0,3.0,5.0,5.0,1956.0,1956.0,2.0,0.0,3.0,2.0,2.0,120.0,1.0,3.0,2.0,2.0,3.0,1.0,2.0,586.0,4.0,0.0,462.0,1048.0,2.0,2.0,1.0,3.0,6.954638864880987,0.0,0.0,6.954638864880987,1.0,0.0,1.0,0.0,3.0,1.0,1.0,6.000000000000002,4.0,0.0,1.0,4.0,1956.0,1.0,1.0,286.0,2.0,3.0,2.0,0.0,20.0,0.0,0.0,192.0,0.0,0.0,3.0,2.0,0.0,6.000000000000002,2007.0,2.0,3.0,0.0,0.0,0.0,0.0,0.0,0.0
62,216,11.80894766169701,20.0,3.0,4.276666119016055,9.211439767419481,1.0,2.0,1.0,1.0,1.0,0.0,0.0,8.0,2.0,1.0,3.0,3.0,5.0,6.0,1957.0,1996.0,0.0,0.0,6.0,6.0,2.0,64.0,1.0,3.0,2.0,2.0,3.0,1.0,2.0,360.0,4.0,0.0,710.0,1070.0,2.0,2.0,1.0,3.0,7.119635638017636,0.0,0.0,7.119635638017636,0.0,1.0,1.0,0.0,2.0,1.0,2.0,6.000000000000002,3.0,1.0,2.0,4.0,1957.0,1.0,1.0,447.0,2.0,3.0,2.0,0.0,0.0,0.0,0.0,0.0,0.0,0.0,2.0,2.0,0.0,5.000000000000001,2006.0,2.0,3.0,0.0,0.0,0.0,0.0,0.0,0.0
63,1291,12.103486056755072,80.0,3.0,4.0943445622221,9.55478077824657,1.0,2.0,1.0,1.0,1.0,2.0,0.0,8.0,2.0,1.0,3.0,4.0,5.0,7.0,1964.0,1964.0,2.0,0.0,1.0,6.0,2.0,86.0,1.0,3.0,4.0,2.0,3.0,3.0,6.0,1014.0,4.0,0.0,138.0,1152.0,2.0,2.0,1.0,3.0,7.049254841255837,0.0,0.0,7.049254841255837,1.0,0.0,1.0,0.0,3.0,1.0,1.0,6.000000000000002,4.0,1.0,4.0,4.0,1964.0,2.0,2.0,484.0,2.0,3.0,2.0,227.00000000000006,0.0,0.0,0.0,0.0,0.0,0.0,3.0,2.0,0.0,4.000000000000001,2010.0,2.0,3.0,1.0,0.0,0.0,0.0,0.0,0.0
64,668,12.173032791451973,20.0,3.0,4.174387269895637,9.002701007197937,1.0,2.0,0.0,1.0,1.0,0.0,0.0,10.0,2.0,1.0,3.0,3.0,6.0,5.0,1994.0,1998.0,0.0,0.0,6.0,6.0,2.0,258.0,1.0,3.0,4.0,3.0,3.0,1.0,6.0,1138.0,4.0,0.0,270.0,1408.0,2.0,4.0,1.0,3.0,7.425953657077541,0.0,0.0,7.425953657077541,1.0,0.0,2.0,0.0,3.0,1.0,2.0,7.000000000000002,4.0,1.0,2.0,4.0,1994.0,2.0,2.0,575.0,2.0,3.0,2.0,224.00000000000006,42.0,0.0,0.0,0.0,0.0,0.0,3.0,2.0,0.0,10.000000000000002,2008.0,2.0,3.0,0.0,0.0,0.0,0.0,0.0,0.0
65,1321,11.960811288962345,20.0,3.0,4.248495242049359,9.035986984831403,1.0,2.0,0.0,1.0,1.0,0.0,0.0,8.0,2.0,1.0,3.0,3.0,6.0,3.0,1957.0,1957.0,2.0,0.0,8.0,8.0,0.0,0.0,1.0,3.0,2.0,2.0,3.0,1.0,4.0,189.0,3.0,661.0000000000001,628.0,1478.0,2.0,3.0,1.0,3.0,7.298445101508147,0.0,0.0,7.298445101508147,1.0,0.0,1.0,1.0,3.0,1.0,1.0,6.000000000000002,4.0,2.0,4.0,4.0,1957.0,2.0,2.0,442.0,2.0,3.0,2.0,114.00000000000003,0.0,0.0,0.0,216.0,0.0,0.0,3.0,2.0,0.0,6.000000000000002,2009.0,2.0,3.0,0.0,0.0,0.0,0.0,0.0,0.0
66,527,11.790557201568507,20.0,3.0,4.248495242049359,9.495519314209844,1.0,2.0,0.0,1.0,1.0,0.0,0.0,8.0,2.0,1.0,3.0,3.0,5.0,7.0,1956.0,2000.0,2.0,0.0,1.0,1.0,0.0,0.0,1.0,3.0,2.0,3.0,3.0,1.0,1.0,377.0,4.0,0.0,551.0,928.0,2.0,2.0,1.0,3.0,6.833031732786201,0.0,0.0,6.833031732786201,0.0,0.0,1.0,0.0,2.0,1.0,1.0,4.000000000000001,4.0,0.0,1.0,4.0,1956.0,1.0,1.0,252.0,2.0,3.0,2.0,261.00000000000006,0.0,156.0,0.0,0.0,0.0,0.0,3.0,2.0,0.0,6.000000000000002,2007.0,2.0,3.0,0.0,0.0,0.0,0.0,0.0,0.0
67,573,12.321630986164447,60.0,3.0,4.418840607796598,9.484861214150138,1.0,2.0,1.0,3.0,1.0,2.0,0.0,19.0,2.0,1.0,3.0,5.0,7.0,5.0,2009.0,2009.0,0.0,0.0,10.0,10.0,0.0,0.0,1.0,3.0,4.0,4.0,3.0,3.0,5.0,0.0,4.0,0.0,846.0,846.0,2.0,3.0,1.0,3.0,6.740519359606223,846.0,0.0,7.433666540166168,0.0,0.0,2.0,1.0,3.0,1.0,2.0,6.000000000000002,4.0,0.0,1.0,4.0,2009.0,2.0,2.0,650.0,2.0,3.0,2.0,208.00000000000006,114.0,0.0,0.0,0.0,0.0,0.0,3.0,2.0,0.0,7.000000000000002,2009.0,3.0,4.0,0.0,0.0,0.0,0.0,0.0,0.0
68,1275,11.842229212112828,50.0,3.0,3.970291913552122,8.587092318795904,1.0,2.0,0.0,1.0,1.0,2.0,0.0,16.0,2.0,1.0,3.0,1.0,5.0,6.0,1910.0,2003.0,0.0,0.0,1.0,3.0,0.0,0.0,1.0,3.0,4.0,2.0,3.0,1.0,5.0,0.0,4.0,0.0,661.0,661.0,2.0,4.0,1.0,3.0,6.493753839851686,589.0,0.0,7.1308988302963465,0.0,0.0,2.0,0.0,3.0,1.0,1.0,8.000000000000002,4.0,1.0,4.0,2.0,1985.0,1.0,2.0,552.0,2.0,3.0,2.0,242.00000000000006,0.0,81.0,0.0,0.0,0.0,0.0,3.0,2.0,0.0,11.000000000000002,2007.0,2.0,3.0,0.0,0.0,0.0,0.0,0.0,0.0
69,823,12.323855681186558,60.0,3.0,4.0943445622221,9.424967763522051,1.0,2.0,1.0,1.0,1.0,2.0,0.0,13.0,2.0,1.0,3.0,5.0,7.0,5.0,2003.0,2003.0,0.0,0.0,10.0,10.0,0.0,0.0,2.0,3.0,4.0,3.0,3.0,4.0,5.0,0.0,4.0,0.0,847.0,847.0,2.0,4.0,1.0,3.0,6.741700694652055,886.0,0.0,7.457609289715606,0.0,0.0,2.0,1.0,3.0,1.0,2.0,7.000000000000002,4.0,1.0,4.0,5.0,2003.0,3.0,2.0,433.0,2.0,3.0,2.0,100.00000000000003,48.0,0.0,0.0,0.0,0.0,0.0,3.0,2.0,0.0,10.000000000000002,2007.0,2.0,2.0,1.0,0.0,0.0,0.0,0.0,0.0
70,316,12.146853285870202,60.0,3.0,4.2626798770413155,8.961237781491874,1.0,2.0,1.0,1.0,1.0,0.0,0.0,13.0,2.0,1.0,3.0,5.0,7.0,5.0,2004.0,2005.0,0.0,0.0,10.0,10.0,0.0,0.0,2.0,3.0,4.0,3.0,3.0,1.0,6.0,425.0,4.0,0.0,291.0,716.0,2.0,4.0,1.0,3.0,6.573680166960646,716.0,0.0,7.266827347520591,1.0,0.0,2.0,1.0,3.0,1.0,2.0,6.000000000000002,4.0,1.0,4.0,4.0,2004.0,3.0,2.0,432.0,2.0,3.0,2.0,100.00000000000003,51.0,0.0,0.0,0.0,0.0,0.0,3.0,2.0,0.0,7.000000000000002,2009.0,2.0,3.0,0.0,0.0,0.0,0.0,0.0,0.0
71,10,11.678439903447801,190.0,3.0,3.912023005428146,8.911934336161424,1.0,2.0,0.0,1.0,1.0,2.0,0.0,4.0,0.0,0.0,0.0,2.0,5.0,6.0,1939.0,1950.0,0.0,0.0,3.0,2.0,0.0,0.0,1.0,3.0,1.0,2.0,3.0,1.0,6.0,851.0,4.0,0.0,140.0,991.0,2.0,4.0,1.0,3.0,6.981934677156389,0.0,0.0,6.981934677156389,1.0,0.0,1.0,0.0,2.0,2.0,1.0,5.000000000000001,4.0,2.0,3.0,4.0,1939.0,2.0,1.0,205.0,3.0,3.0,2.0,0.0,4.0,0.0,0.0,0.0,0.0,0.0,3.0,2.0,0.0,1.0000000000000002,2008.0,2.0,3.0,0.0,0.0,0.0,0.0,0.0,0.0
72,1001,11.314474526246391,20.0,3.0,4.30406509320417,9.230731061623915,1.0,2.0,0.0,1.0,1.0,2.0,0.0,3.0,2.0,1.0,3.0,3.0,3.0,3.0,1952.0,1952.0,1.0,1.0,5.0,5.0,0.0,0.0,1.0,3.0,0.0,0.0,1.0,0.0,0.0,0.0,0.0,0.0,0.0,0.0,1.0,1.0,0.0,1.0,6.8501261661455,0.0,0.0,6.8501261661455,0.0,0.0,1.0,0.0,2.0,1.0,0.0,4.000000000000001,3.0,0.0,1.0,2.0,1956.0,1.0,2.0,528.0,2.0,1.0,2.0,0.0,0.0,0.0,0.0,0.0,0.0,0.0,3.0,2.0,0.0,7.000000000000002,2009.0,2.0,3.0,0.0,0.0,0.0,0.0,0.0,0.0
73,689,12.8790171187726,20.0,3.0,4.0943445622221,8.99826039301795,1.0,2.0,0.0,3.0,1.0,0.0,0.0,20.0,2.0,1.0,3.0,3.0,8.0,6.0,2007.0,2007.0,0.0,0.0,3.0,2.0,2.0,0.0,2.0,3.0,4.0,3.0,3.0,3.0,6.0,945.0,4.0,0.0,474.0,1419.0,2.0,4.0,1.0,3.0,7.257707677160043,0.0,0.0,7.257707677160043,1.0,0.0,2.0,0.0,2.0,1.0,2.0,7.000000000000002,4.0,1.0,4.0,4.0,2007.0,2.0,2.0,567.0,2.0,3.0,2.0,140.00000000000003,0.0,0.0,0.0,0.0,0.0,0.0,3.0,2.0,0.0,10.000000000000002,2007.0,3.0,4.0,0.0,0.0,0.0,0.0,0.0,0.0
74,1123,11.626254150277232,20.0,3.0,4.0943445622221,9.096723645189213,1.0,2.0,1.0,1.0,1.0,2.0,0.0,3.0,2.0,1.0,3.0,3.0,4.0,3.0,1956.0,1956.0,0.0,0.0,0.0,0.0,0.0,0.0,1.0,3.0,2.0,2.0,3.0,1.0,5.0,0.0,4.0,0.0,672.0,672.0,2.0,4.0,1.0,2.0,6.866933284461882,0.0,0.0,6.866933284461882,0.0,0.0,1.0,0.0,3.0,1.0,1.0,5.000000000000001,4.0,0.0,1.0,3.0,1956.0,1.0,1.0,288.0,2.0,3.0,2.0,64.00000000000001,0.0,0.0,0.0,160.0,0.0,0.0,2.0,2.0,0.0,10.000000000000002,2009.0,0.0,1.0,1.0,0.0,0.0,0.0,0.0,0.0
75,867,12.424806488355683,20.0,3.0,4.204692619390966,9.27387839278017,1.0,2.0,1.0,3.0,1.0,0.0,0.0,19.0,2.0,1.0,3.0,3.0,8.0,5.0,2006.0,2007.0,0.0,0.0,10.0,10.0,3.0,274.0,2.0,3.0,4.0,3.0,3.0,3.0,5.0,0.0,4.0,0.0,1638.0,1638.0,2.0,4.0,1.0,3.0,7.406103381237015,0.0,0.0,7.406103381237015,0.0,0.0,2.0,0.0,3.0,1.0,2.0,6.000000000000002,4.0,1.0,4.0,4.0,2007.0,2.0,3.0,870.0,2.0,3.0,2.0,192.00000000000006,80.0,0.0,0.0,0.0,0.0,0.0,3.0,2.0,0.0,11.000000000000002,2007.0,3.0,4.0,0.0,0.0,0.0,0.0,0.0,0.0
76,1215,11.809319478024031,85.0,3.0,4.23410650459726,9.230633075243944,1.0,2.0,1.0,1.0,1.0,0.0,0.0,8.0,2.0,1.0,3.0,0.0,5.0,5.0,1962.0,1962.0,0.0,0.0,3.0,2.0,0.0,0.0,1.0,3.0,2.0,2.0,3.0,3.0,2.0,784.0,4.0,0.0,141.0,925.0,2.0,2.0,1.0,3.0,6.906754778648554,0.0,0.0,6.906754778648554,1.0,0.0,1.0,0.0,3.0,1.0,1.0,6.000000000000002,4.0,0.0,1.0,4.0,1962.0,1.0,1.0,300.0,2.0,3.0,2.0,150.00000000000003,72.0,0.0,0.0,0.0,0.0,0.0,3.0,2.0,0.0,5.000000000000001,2006.0,2.0,3.0,0.0,0.0,0.0,0.0,0.0,0.0
77,590,11.283512300642423,40.0,1.0,3.912023005428146,9.11602969250494,1.0,2.0,0.0,1.0,1.0,0.0,0.0,4.0,3.0,0.0,3.0,3.0,5.0,6.0,1930.0,1960.0,0.0,0.0,10.0,10.0,0.0,0.0,1.0,3.0,1.0,2.0,3.0,1.0,5.0,0.0,4.0,0.0,742.0,742.0,2.0,2.0,1.0,2.0,6.658011045870748,0.0,156.0,6.840546529288687,0.0,0.0,1.0,0.0,2.0,1.0,1.0,4.000000000000001,4.0,0.0,1.0,2.0,1988.0,1.0,1.0,308.0,2.0,3.0,1.0,0.0,0.0,0.0,0.0,0.0,0.0,0.0,3.0,1.0,600.0,8.000000000000002,2008.0,2.0,3.0,0.0,0.0,0.0,0.0,0.0,0.0
78,160,12.676076274775909,60.0,3.0,4.897839799950911,9.871893680944948,1.0,2.0,1.0,3.0,1.0,2.0,0.0,13.0,2.0,1.0,3.0,5.0,7.0,5.0,2005.0,2006.0,0.0,0.0,10.0,10.0,2.0,456.0,2.0,3.0,4.0,3.0,3.0,2.0,6.0,57.0,4.0,0.0,1335.0,1392.0,2.0,4.0,1.0,3.0,7.238496840894365,1070.0,0.0,7.808729306744399,1.0,0.0,2.0,1.0,4.0,1.0,2.0,9.000000000000002,4.0,1.0,4.0,4.0,2006.0,2.0,2.0,576.0,2.0,3.0,2.0,239.00000000000006,132.0,0.0,168.0,0.0,0.0,0.0,3.0,2.0,0.0,3.000000000000001,2006.0,3.0,4.0,0.0,0.0,0.0,0.0,0.0,0.0
79,254,11.970350312009105,80.0,3.0,4.442651256490317,9.14313162228273,1.0,2.0,0.0,1.0,1.0,0.0,0.0,8.0,2.0,1.0,3.0,4.0,6.0,7.0,1964.0,1991.0,2.0,0.0,6.0,6.0,2.0,108.0,1.0,3.0,2.0,3.0,3.0,4.0,3.0,270.0,6.0,580.0000000000001,452.0,1302.0,2.0,4.0,1.0,3.0,7.171656822768514,0.0,0.0,7.171656822768514,0.0,1.0,2.0,0.0,3.0,1.0,2.0,7.000000000000002,3.0,0.0,1.0,4.0,1964.0,2.0,1.0,309.0,2.0,3.0,2.0,333.00000000000006,0.0,0.0,0.0,0.0,0.0,0.0,2.0,2.0,0.0,10.000000000000002,2007.0,1.0,3.0,0.0,0.0,0.0,0.0,0.0,0.0
80,1130,11.84939770159144,90.0,1.0,4.0943445622221,8.881836305004144,1.0,0.0,0.0,1.0,1.0,0.0,0.0,5.0,2.0,1.0,1.0,0.0,5.0,5.0,1980.0,1980.0,0.0,0.0,3.0,2.0,2.0,180.0,1.0,3.0,2.0,3.0,3.0,4.0,6.0,936.0,4.0,0.0,0.0,936.0,2.0,2.0,1.0,3.0,6.841615476477592,0.0,0.0,6.841615476477592,1.0,0.0,1.0,0.0,2.0,1.0,1.0,4.000000000000001,4.0,0.0,1.0,2.0,1980.0,1.0,2.0,672.0,2.0,3.0,2.0,49.000000000000014,0.0,0.0,0.0,0.0,0.0,0.0,3.0,2.0,0.0,8.000000000000002,2007.0,2.0,3.0,0.0,0.0,0.0,0.0,0.0,0.0
81,880,11.824079893607152,20.0,3.0,4.0943445622221,8.853665428037448,1.0,2.0,1.0,1.0,1.0,4.0,0.0,15.0,2.0,1.0,3.0,3.0,5.0,8.0,1978.0,2005.0,0.0,0.0,10.0,10.0,2.0,90.0,2.0,2.0,2.0,2.0,3.0,1.0,4.0,646.0,4.0,0.0,218.0,864.0,2.0,4.0,1.0,3.0,6.761572768804055,0.0,0.0,6.761572768804055,1.0,0.0,1.0,0.0,3.0,1.0,1.0,6.000000000000002,4.0,0.0,1.0,4.0,1978.0,1.0,1.0,336.0,2.0,3.0,2.0,0.0,0.0,0.0,0.0,0.0,0.0,0.0,0.0,2.0,0.0,7.000000000000002,2009.0,2.0,3.0,1.0,0.0,0.0,0.0,0.0,0.0
82,536,11.585246126549855,190.0,3.0,4.248495242049359,8.853665428037448,1.0,2.0,0.0,1.0,1.0,0.0,0.0,3.0,2.0,1.0,0.0,5.0,5.0,7.0,1910.0,1991.0,0.0,0.0,3.0,2.0,0.0,0.0,1.0,3.0,2.0,3.0,3.0,4.0,6.0,969.0,4.0,0.0,148.0,1117.0,2.0,2.0,1.0,3.0,6.709304340258298,527.0,0.0,7.205635176410364,1.0,0.0,1.0,0.0,3.0,1.0,1.0,5.000000000000001,4.0,0.0,1.0,0.0,2005.0,0.0,0.0,0.0,0.0,0.0,0.0,85.00000000000001,0.0,148.0,0.0,0.0,0.0,0.0,3.0,2.0,0.0,1.0000000000000002,2008.0,2.0,3.0,0.0,0.0,1.0,0.0,0.0,0.0
83,1048,11.884489021402711,20.0,3.0,4.04305126783455,9.131838143821223,1.0,2.0,3.0,1.0,1.0,0.0,0.0,15.0,2.0,1.0,3.0,3.0,5.0,5.0,1994.0,1995.0,0.0,0.0,10.0,10.0,0.0,0.0,1.0,3.0,4.0,3.0,3.0,1.0,6.0,686.0,4.0,0.0,304.0,990.0,2.0,4.0,1.0,3.0,6.897704943128636,0.0,0.0,6.897704943128636,0.0,1.0,1.0,0.0,3.0,1.0,1.0,5.000000000000001,4.0,0.0,1.0,2.0,1996.0,1.0,2.0,672.0,2.0,3.0,2.0,0.0,0.0,0.0,0.0,0.0,0.0,0.0,3.0,2.0,0.0,2.0000000000000004,2008.0,2.0,3.0,0.0,0.0,0.0,0.0,0.0,0.0
84,1174,12.20856952572876,50.0,3.0,4.927253685157205,9.799792316197362,1.0,2.0,1.0,0.0,1.0,0.0,0.0,17.0,2.0,1.0,3.0,1.0,5.0,6.0,1946.0,1994.0,0.0,0.0,3.0,2.0,0.0,0.0,1.0,3.0,2.0,2.0,3.0,1.0,1.0,152.0,1.0,469.0000000000001,977.0,1598.0,2.0,2.0,1.0,3.0,7.400009517162692,971.0,479.0,8.034631032923107,0.0,0.0,3.0,0.0,3.0,1.0,3.0,12.000000000000004,0.0,1.0,4.0,0.0,2005.0,0.0,0.0,0.0,0.0,0.0,2.0,122.00000000000003,0.0,0.0,0.0,0.0,0.0,0.0,2.0,2.0,0.0,3.000000000000001,2007.0,2.0,3.0,0.0,0.0,1.0,0.0,0.0,0.0
85,959,12.128111104060462,20.0,3.0,4.174387269895637,9.041921720351217,1.0,2.0,0.0,1.0,1.0,0.0,0.0,15.0,2.0,1.0,3.0,3.0,7.0,5.0,2003.0,2003.0,0.0,0.0,10.0,10.0,0.0,0.0,2.0,3.0,4.0,3.0,3.0,2.0,6.0,699.0,4.0,0.0,638.0,1337.0,2.0,4.0,1.0,3.0,7.198183577101943,0.0,0.0,7.198183577101943,1.0,0.0,2.0,0.0,3.0,1.0,2.0,6.000000000000002,4.0,0.0,1.0,4.0,2003.0,2.0,2.0,531.0,2.0,3.0,2.0,0.0,39.0,0.0,0.0,0.0,0.0,0.0,3.0,2.0,0.0,10.000000000000002,2007.0,2.0,3.0,0.0,0.0,0.0,0.0,0.0,0.0
86,1405,11.56171562913966,50.0,3.0,4.0943445622221,9.250522161609013,1.0,0.0,0.0,1.0,1.0,2.0,0.0,5.0,0.0,1.0,3.0,1.0,3.0,4.0,1915.0,1950.0,0.0,0.0,1.0,1.0,0.0,0.0,1.0,3.0,4.0,2.0,3.0,1.0,5.0,0.0,4.0,0.0,672.0,672.0,2.0,2.0,1.0,3.0,6.542471960506805,520.0,0.0,7.101675971619444,0.0,0.0,1.0,0.0,3.0,1.0,1.0,6.000000000000002,4.0,0.0,1.0,2.0,1998.0,1.0,3.0,936.0,2.0,3.0,2.0,216.00000000000006,0.0,160.0,0.0,0.0,0.0,0.0,2.0,2.0,0.0,1.0000000000000002,2006.0,2.0,2.0,0.0,0.0,0.0,0.0,0.0,0.0
87,512,12.219309648562168,120.0,3.0,3.6888794541139363,8.823500727991181,1.0,2.0,1.0,1.0,1.0,0.0,0.0,21.0,2.0,1.0,4.0,3.0,7.0,5.0,2005.0,2006.0,0.0,0.0,10.0,10.0,3.0,94.0,2.0,3.0,4.0,3.0,3.0,1.0,5.0,0.0,4.0,0.0,1368.0,1368.0,2.0,4.0,1.0,3.0,7.221105098182496,0.0,0.0,7.221105098182496,0.0,0.0,2.0,0.0,2.0,1.0,2.0,6.000000000000002,4.0,1.0,4.0,4.0,2005.0,2.0,2.0,474.0,2.0,3.0,2.0,132.00000000000003,35.0,0.0,0.0,0.0,0.0,0.0,3.0,2.0,0.0,3.000000000000001,2006.0,3.0,4.0,0.0,0.0,0.0,0.0,0.0,0.0
88,212,12.133501952695338,20.0,3.0,4.418840607796598,9.251482315307356,1.0,2.0,0.0,1.0,1.0,2.0,0.0,3.0,2.0,1.0,3.0,3.0,6.0,5.0,2009.0,2009.0,0.0,0.0,10.0,10.0,0.0,0.0,1.0,3.0,4.0,3.0,3.0,2.0,6.0,36.0,4.0,0.0,1176.0,1212.0,2.0,4.0,1.0,3.0,7.10002716662926,0.0,0.0,7.10002716662926,0.0,0.0,2.0,0.0,3.0,1.0,2.0,6.000000000000002,4.0,0.0,1.0,4.0,2009.0,2.0,2.0,460.0,2.0,3.0,2.0,100.00000000000003,22.0,0.0,0.0,0.0,0.0,0.0,3.0,2.0,0.0,3.000000000000001,2010.0,2.0,3.0,0.0,0.0,0.0,0.0,0.0,0.0
89,123,11.820410164718188,20.0,3.0,4.31748811353631,9.15525040565822,1.0,2.0,0.0,1.0,1.0,2.0,0.0,8.0,2.0,1.0,3.0,3.0,6.0,7.0,1958.0,1958.0,2.0,0.0,3.0,2.0,2.0,135.0,1.0,2.0,2.0,2.0,3.0,1.0,2.0,570.0,4.0,0.0,510.0,1080.0,2.0,3.0,1.0,3.0,6.984716320118266,0.0,0.0,6.984716320118266,0.0,0.0,1.0,0.0,3.0,1.0,1.0,5.000000000000001,4.0,0.0,1.0,4.0,1958.0,1.0,1.0,288.0,2.0,3.0,2.0,0.0,0.0,0.0,0.0,130.0,0.0,0.0,3.0,2.0,0.0,6.000000000000002,2008.0,2.0,3.0,0.0,0.0,0.0,0.0,0.0,0.0
90,872,12.20856952572876,60.0,3.0,4.248495242049359,9.076808979351659,1.0,2.0,0.0,1.0,1.0,0.0,0.0,15.0,2.0,1.0,3.0,5.0,6.0,5.0,1998.0,1998.0,0.0,0.0,10.0,10.0,2.0,116.0,1.0,3.0,4.0,3.0,3.0,1.0,6.0,505.0,4.0,0.0,299.0,804.0,2.0,4.0,1.0,3.0,6.6895992691789665,878.0,0.0,7.427738840532894,0.0,0.0,2.0,1.0,3.0,1.0,2.0,7.000000000000002,4.0,0.0,1.0,4.0,1998.0,2.0,2.0,523.0,2.0,3.0,2.0,0.0,77.0,0.0,0.0,0.0,0.0,0.0,3.0,2.0,0.0,6.000000000000002,2010.0,2.0,3.0,0.0,0.0,0.0,0.0,0.0,0.0
91,365,12.154779351142624,60.0,3.0,4.0943445622221,9.841612148818038,1.0,2.0,1.0,1.0,1.0,1.0,0.0,12.0,2.0,1.0,3.0,5.0,6.0,5.0,1976.0,1976.0,0.0,0.0,6.0,6.0,2.0,120.0,1.0,3.0,4.0,3.0,3.0,2.0,6.0,712.0,4.0,0.0,84.0,796.0,2.0,2.0,1.0,3.0,6.672032945461067,784.0,0.0,7.3613754289773485,1.0,0.0,2.0,1.0,3.0,1.0,1.0,6.000000000000002,4.0,1.0,3.0,4.0,1976.0,3.0,2.0,566.0,2.0,3.0,2.0,306.00000000000006,111.0,0.0,0.0,0.0,0.0,0.0,3.0,2.0,0.0,7.000000000000002,2006.0,2.0,3.0,1.0,0.0,0.0,0.0,0.0,0.0
92,1085,12.141534124392603,60.0,3.0,4.0943445622221,9.475086413144904,1.0,2.0,3.0,1.0,1.0,2.0,0.0,13.0,2.0,1.0,3.0,5.0,6.0,5.0,1995.0,1996.0,0.0,0.0,6.0,6.0,0.0,0.0,1.0,3.0,4.0,3.0,3.0,1.0,4.0,592.0,4.0,0.0,99.0,691.0,2.0,3.0,1.0,3.0,6.53813982376767,807.0,0.0,7.311886164077165,0.0,0.0,2.0,1.0,3.0,1.0,1.0,6.000000000000002,4.0,1.0,3.0,4.0,1995.0,3.0,2.0,409.0,2.0,3.0,2.0,315.00000000000006,44.0,0.0,0.0,0.0,0.0,0.0,3.0,2.0,0.0,7.000000000000002,2006.0,2.0,3.0,1.0,0.0,0.0,0.0,0.0,0.0
93,1339,12.206072645530174,60.0,3.0,4.553876891600541,9.506734385029983,1.0,2.0,1.0,1.0,1.0,2.0,0.0,15.0,2.0,1.0,3.0,5.0,7.0,5.0,2002.0,2002.0,0.0,0.0,10.0,10.0,0.0,0.0,2.0,3.0,4.0,3.0,3.0,1.0,6.0,700.0,4.0,0.0,216.0,916.0,2.0,4.0,1.0,3.0,6.824373670043086,941.0,0.0,7.528869256642251,1.0,0.0,2.0,1.0,3.0,1.0,2.0,8.000000000000002,4.0,0.0,1.0,5.0,2002.0,2.0,2.0,492.0,2.0,3.0,2.0,146.00000000000003,91.0,0.0,0.0,0.0,0.0,0.0,3.0,2.0,0.0,6.000000000000002,2006.0,2.0,3.0,0.0,0.0,0.0,0.0,0.0,0.0
94,444,12.058152515453552,120.0,3.0,3.970291913552122,8.27435700675629,1.0,2.0,0.0,1.0,1.0,0.0,0.0,14.0,2.0,1.0,4.0,3.0,7.0,5.0,2006.0,2007.0,0.0,0.0,2.0,3.0,2.0,72.0,2.0,3.0,4.0,4.0,3.0,3.0,5.0,0.0,4.0,0.0,1258.0,1258.0,2.0,4.0,1.0,3.0,7.1372784372603855,0.0,0.0,7.1372784372603855,0.0,0.0,2.0,0.0,2.0,1.0,2.0,6.000000000000002,4.0,1.0,4.0,4.0,2007.0,3.0,3.0,648.0,2.0,3.0,2.0,144.00000000000003,16.0,0.0,0.0,0.0,0.0,0.0,3.0,2.0,0.0,6.000000000000002,2007.0,3.0,4.0,0.0,0.0,0.0,0.0,0.0,0.0
95,15,11.964001084330445,20.0,3.0,4.0943445622221,9.298351249298895,1.0,2.0,1.0,1.0,1.0,2.0,0.0,8.0,2.0,1.0,3.0,3.0,6.0,5.0,1960.0,1960.0,2.0,0.0,3.0,2.0,2.0,212.0,1.0,3.0,2.0,2.0,3.0,1.0,2.0,733.0,4.0,0.0,520.0,1253.0,2.0,2.0,1.0,3.0,7.133295954896068,0.0,0.0,7.133295954896068,1.0,0.0,1.0,1.0,2.0,1.0,1.0,5.000000000000001,4.0,1.0,2.0,4.0,1960.0,2.0,1.0,352.0,2.0,3.0,2.0,0.0,213.0,176.0,0.0,0.0,0.0,0.0,0.0,2.0,0.0,5.000000000000001,2008.0,2.0,3.0,1.0,0.0,0.0,0.0,0.0,0.0
96,705,12.269047444691562,20.0,3.0,4.248495242049359,9.035986984831403,1.0,2.0,0.0,1.0,1.0,0.0,0.0,15.0,2.0,1.0,3.0,3.0,7.0,5.0,2004.0,2005.0,0.0,0.0,10.0,10.0,2.0,109.0,2.0,3.0,4.0,3.0,3.0,3.0,6.0,712.0,4.0,0.0,761.0,1473.0,2.0,4.0,1.0,3.0,7.302496423727326,0.0,0.0,7.302496423727326,1.0,0.0,2.0,0.0,3.0,1.0,2.0,7.000000000000002,4.0,0.0,1.0,4.0,2004.0,2.0,2.0,606.0,2.0,3.0,2.0,0.0,35.0,0.0,144.0,0.0,0.0,0.0,3.0,2.0,0.0,5.000000000000001,2010.0,2.0,3.0,0.0,0.0,0.0,0.0,0.0,0.0
97,564,12.128111104060462,50.0,3.0,4.189654742026425,9.98874739648695,1.0,2.0,0.0,1.0,1.0,0.0,0.0,3.0,2.0,1.0,3.0,1.0,6.0,7.0,1918.0,1950.0,0.0,0.0,1.0,1.0,0.0,0.0,1.0,3.0,1.0,3.0,3.0,2.0,5.0,0.0,4.0,0.0,1163.0,1163.0,2.0,4.0,1.0,3.0,7.0587581525186645,511.0,0.0,7.422971251049421,0.0,0.0,2.0,0.0,4.0,1.0,1.0,8.000000000000002,4.0,1.0,4.0,2.0,1955.0,3.0,2.0,396.0,2.0,3.0,0.0,72.00000000000001,36.0,0.0,0.0,144.0,0.0,0.0,3.0,2.0,0.0,7.000000000000002,2008.0,2.0,3.0,0.0,0.0,0.0,0.0,0.0,0.0
98,723,11.732060994886899,20.0,3.0,4.248495242049359,9.002085433155722,1.0,2.0,0.0,1.0,1.0,0.0,0.0,8.0,2.0,1.0,3.0,3.0,4.0,7.0,1970.0,1970.0,0.0,0.0,3.0,2.0,0.0,0.0,1.0,2.0,2.0,2.0,3.0,1.0,4.0,191.0,4.0,0.0,673.0,864.0,2.0,4.0,1.0,3.0,6.761572768804055,0.0,0.0,6.761572768804055,0.0,0.0,1.0,0.0,3.0,1.0,1.0,5.000000000000001,4.0,0.0,1.0,2.0,1994.0,1.0,2.0,463.0,2.0,3.0,2.0,0.0,0.0,0.0,0.0,0.0,0.0,0.0,3.0,2.0,0.0,7.000000000000002,2009.0,2.0,3.0,0.0,0.0,0.0,0.0,0.0,0.0
99,443,12.000891794590137,50.0,1.0,3.9512437185814275,8.738735461363472,1.0,2.0,0.0,1.0,1.0,0.0,0.0,4.0,2.0,1.0,3.0,1.0,5.0,7.0,1930.0,1992.0,0.0,0.0,3.0,2.0,0.0,0.0,1.0,3.0,4.0,2.0,3.0,1.0,5.0,0.0,4.0,0.0,1078.0,1078.0,2.0,2.0,1.0,3.0,7.028201432058005,445.0,0.0,7.360739903058278,0.0,0.0,2.0,0.0,3.0,1.0,1.0,8.000000000000002,4.0,1.0,4.0,2.0,1930.0,1.0,2.0,360.0,2.0,3.0,1.0,0.0,0.0,0.0,0.0,0.0,0.0,0.0,3.0,2.0,0.0,6.000000000000002,2008.0,2.0,3.0,0.0,0.0,0.0,0.0,0.0,0.0
100,142,12.468436909997665,20.0,3.0,4.356708826689592,9.362632182318439,1.0,2.0,0.0,1.0,1.0,0.0,0.0,15.0,2.0,1.0,3.0,3.0,7.0,5.0,2005.0,2005.0,0.0,0.0,10.0,10.0,0.0,0.0,2.0,3.0,4.0,3.0,3.0,3.0,6.0,1300.0,4.0,0.0,434.0,1734.0,2.0,4.0,1.0,3.0,7.458186157340487,0.0,0.0,7.458186157340487,1.0,0.0,2.0,0.0,3.0,1.0,2.0,7.000000000000002,4.0,0.0,1.0,4.0,2005.0,3.0,2.0,660.0,2.0,3.0,2.0,160.00000000000003,24.0,0.0,0.0,0.0,0.0,0.0,3.0,2.0,0.0,1.0000000000000002,2006.0,2.0,3.0,0.0,0.0,0.0,0.0,0.0,0.0
101,363,12.198544379109382,85.0,3.0,4.1588830833596715,8.895766604056083,1.0,2.0,0.0,1.0,1.0,2.0,0.0,3.0,2.0,1.0,3.0,0.0,7.0,5.0,2003.0,2003.0,0.0,0.0,6.0,6.0,2.0,500.0,2.0,3.0,0.0,0.0,1.0,0.0,0.0,0.0,0.0,0.0,0.0,0.0,2.0,4.0,1.0,3.0,6.20455776256869,1427.0,0.0,7.561121589530238,0.0,0.0,3.0,0.0,4.0,1.0,2.0,7.000000000000002,4.0,1.0,5.0,5.0,2003.0,2.0,2.0,672.0,2.0,3.0,2.0,0.0,0.0,177.0,0.0,0.0,0.0,0.0,3.0,2.0,0.0,7.000000000000002,2009.0,1.0,3.0,0.0,0.0,0.0,0.0,0.0,0.0
102,183,11.695247021764184,20.0,3.0,4.0943445622221,9.111624399037023,1.0,2.0,0.0,1.0,1.0,0.0,0.0,3.0,0.0,1.0,3.0,3.0,5.0,6.0,1957.0,2006.0,2.0,0.0,1.0,1.0,2.0,98.0,1.0,3.0,4.0,0.0,1.0,0.0,0.0,0.0,0.0,0.0,0.0,0.0,2.0,4.0,1.0,3.0,7.200424892944957,0.0,0.0,7.200424892944957,0.0,0.0,1.0,0.0,3.0,1.0,1.0,7.000000000000002,4.0,1.0,4.0,4.0,1957.0,2.0,1.0,252.0,2.0,3.0,2.0,116.00000000000003,0.0,0.0,180.0,0.0,0.0,0.0,2.0,2.0,0.0,6.000000000000002,2007.0,2.0,3.0,0.0,0.0,0.0,0.0,0.0,0.0
103,1074,11.979799201207037,60.0,3.0,4.31748811353631,8.980927207648376,1.0,2.0,1.0,0.0,1.0,2.0,0.0,3.0,2.0,1.0,3.0,5.0,6.0,6.0,1977.0,1977.0,2.0,0.0,6.0,7.0,2.0,140.0,1.0,3.0,2.0,2.0,3.0,1.0,2.0,535.0,4.0,0.0,155.0,690.0,2.0,2.0,1.0,3.0,6.548219102762372,728.0,0.0,7.262628600974241,0.0,0.0,1.0,1.0,3.0,1.0,1.0,6.000000000000002,4.0,0.0,1.0,4.0,1977.0,3.0,2.0,440.0,2.0,3.0,2.0,252.00000000000006,0.0,0.0,0.0,0.0,0.0,0.0,2.0,2.0,0.0,7.000000000000002,2009.0,2.0,3.0,0.0,0.0,0.0,0.0,0.0,0.0
104,354,11.570250531589497,30.0,1.0,4.0943445622221,9.05017161982336,1.0,2.0,0.0,1.0,1.0,0.0,0.0,5.0,2.0,1.0,3.0,3.0,6.0,8.0,1928.0,2003.0,0.0,0.0,10.0,10.0,0.0,0.0,1.0,2.0,1.0,2.0,3.0,1.0,5.0,0.0,4.0,0.0,624.0,624.0,2.0,3.0,1.0,3.0,6.579251212010101,0.0,0.0,6.579251212010101,0.0,0.0,1.0,0.0,2.0,1.0,1.0,5.000000000000001,4.0,0.0,1.0,2.0,2005.0,1.0,2.0,484.0,2.0,3.0,2.0,106.00000000000003,0.0,0.0,0.0,0.0,0.0,0.0,3.0,2.0,0.0,5.000000000000001,2010.0,2.0,3.0,0.0,0.0,0.0,0.0,0.0,0.0
105,86,12.468436909997665,60.0,3.0,4.795790545596741,9.684024719061489,1.0,2.0,0.0,1.0,1.0,2.0,0.0,22.0,2.0,1.0,3.0,5.0,8.0,5.0,1991.0,1992.0,2.0,0.0,6.0,6.0,2.0,284.0,2.0,3.0,2.0,3.0,3.0,1.0,5.0,0.0,4.0,0.0,1288.0,1288.0,2.0,4.0,1.0,3.0,7.170888478512505,1116.0,0.0,7.790282380703483,0.0,0.0,2.0,1.0,4.0,1.0,2.0,9.000000000000002,4.0,1.0,3.0,4.0,1991.0,1.0,2.0,462.0,2.0,3.0,2.0,127.00000000000003,82.0,0.0,0.0,0.0,0.0,0.0,3.0,2.0,0.0,4.000000000000001,2006.0,2.0,3.0,0.0,0.0,0.0,0.0,0.0,0.0
106,6,11.870599909242044,50.0,3.0,4.442651256490317,9.554993340687588,1.0,2.0,1.0,1.0,1.0,0.0,0.0,9.0,2.0,1.0,3.0,1.0,5.0,5.0,1993.0,1995.0,0.0,0.0,10.0,10.0,0.0,0.0,1.0,3.0,3.0,3.0,3.0,1.0,6.0,732.0,4.0,0.0,64.0,796.0,2.0,4.0,1.0,3.0,6.679599185844383,566.0,0.0,7.216709486709457,1.0,0.0,1.0,1.0,1.0,1.0,1.0,5.000000000000001,4.0,0.0,1.0,4.0,1993.0,1.0,2.0,480.0,2.0,3.0,2.0,40.00000000000001,30.0,0.0,320.0,0.0,0.0,0.0,2.0,1.0,700.0,10.000000000000002,2009.0,2.0,3.0,0.0,0.0,0.0,0.0,0.0,0.0
107,897,11.575900264131617,30.0,1.0,3.912023005428146,9.078521797355332,1.0,0.0,0.0,1.0,1.0,0.0,0.0,0.0,2.0,1.0,3.0,3.0,4.0,6.0,1936.0,1950.0,0.0,0.0,1.0,1.0,0.0,0.0,1.0,3.0,1.0,2.0,3.0,1.0,4.0,285.0,4.0,0.0,666.0,951.0,2.0,4.0,0.0,3.0,6.85751406254539,0.0,0.0,6.85751406254539,0.0,0.0,1.0,0.0,2.0,1.0,1.0,6.000000000000002,4.0,0.0,1.0,2.0,1936.0,1.0,1.0,327.0,2.0,3.0,2.0,0.0,28.0,0.0,0.0,0.0,0.0,0.0,3.0,2.0,0.0,4.000000000000001,2006.0,2.0,1.0,0.0,0.0,0.0,0.0,0.0,0.0
108,966,12.09458226949681,60.0,3.0,4.174387269895637,9.23376388691977,1.0,2.0,0.0,1.0,1.0,0.0,0.0,13.0,3.0,1.0,3.0,5.0,6.0,5.0,2005.0,2007.0,0.0,0.0,10.0,10.0,0.0,0.0,2.0,3.0,4.0,3.0,3.0,1.0,5.0,0.0,4.0,0.0,783.0,783.0,2.0,4.0,1.0,3.0,6.663132695990803,701.0,0.0,7.302496423727326,0.0,0.0,2.0,1.0,3.0,1.0,2.0,8.000000000000002,4.0,1.0,4.0,4.0,2005.0,3.0,2.0,393.0,2.0,3.0,2.0,0.0,72.0,0.0,0.0,0.0,0.0,0.0,3.0,2.0,0.0,7.000000000000002,2007.0,3.0,4.0,0.0,0.0,0.0,0.0,0.0,0.0
109,1097,11.751942365440728,70.0,1.0,4.0943445622221,8.836664586357424,1.0,2.0,0.0,1.0,1.0,0.0,0.0,0.0,2.0,1.0,3.0,5.0,6.0,7.0,1914.0,2006.0,0.0,0.0,1.0,1.0,0.0,0.0,1.0,3.0,4.0,2.0,3.0,1.0,5.0,0.0,4.0,0.0,684.0,684.0,2.0,2.0,1.0,3.0,6.650279048587422,582.0,0.0,7.2115567333138015,0.0,0.0,1.0,1.0,3.0,1.0,2.0,7.000000000000002,4.0,0.0,1.0,0.0,2005.0,0.0,0.0,0.0,0.0,0.0,2.0,136.00000000000003,0.0,115.0,0.0,0.0,0.0,0.0,3.0,2.0,0.0,3.000000000000001,2007.0,2.0,3.0,0.0,0.0,1.0,0.0,0.0,0.0
110,439,11.411446296020374,30.0,3.0,3.6888794541139363,8.36170828857584,1.0,2.0,0.0,1.0,1.0,0.0,0.0,16.0,2.0,1.0,3.0,3.0,5.0,6.0,1913.0,2002.0,0.0,0.0,2.0,4.0,0.0,0.0,1.0,3.0,4.0,2.0,3.0,1.0,3.0,365.0,4.0,0.0,75.0,440.0,2.0,2.0,0.0,3.0,6.542471960506805,0.0,0.0,6.542471960506805,0.0,0.0,1.0,0.0,2.0,1.0,2.0,4.000000000000001,4.0,1.0,4.0,2.0,1990.0,1.0,1.0,352.0,3.0,3.0,1.0,0.0,0.0,34.0,0.0,0.0,0.0,0.0,2.0,2.0,0.0,3.000000000000001,2007.0,2.0,3.0,0.0,0.0,0.0,0.0,0.0,0.0
111,610,11.682668239557323,20.0,3.0,4.110873864173311,8.98004631663313,1.0,2.0,0.0,1.0,1.0,0.0,0.0,6.0,1.0,1.0,3.0,3.0,4.0,5.0,1961.0,1961.0,0.0,0.0,10.0,10.0,1.0,192.0,1.0,0.0,2.0,2.0,3.0,2.0,1.0,903.0,4.0,0.0,126.0,1029.0,2.0,3.0,1.0,3.0,6.9363427358340495,0.0,0.0,6.9363427358340495,1.0,0.0,1.0,0.0,3.0,1.0,1.0,5.000000000000001,4.0,0.0,1.0,4.0,1961.0,1.0,1.0,261.0,2.0,3.0,2.0,64.00000000000001,0.0,39.0,0.0,0.0,0.0,0.0,3.0,2.0,0.0,4.000000000000001,2007.0,2.0,3.0,0.0,0.0,0.0,0.0,0.0,0.0
112,153,12.154779351142624,60.0,3.0,4.0943445622221,9.60258514191349,1.0,2.0,1.0,1.0,1.0,4.0,0.0,12.0,2.0,1.0,3.0,5.0,6.0,5.0,1971.0,1971.0,0.0,0.0,6.0,6.0,2.0,252.0,1.0,3.0,2.0,2.0,3.0,1.0,1.0,416.0,4.0,0.0,409.0,825.0,2.0,3.0,1.0,3.0,7.00033446027523,896.0,0.0,7.597396320212795,0.0,0.0,2.0,1.0,4.0,1.0,1.0,8.000000000000002,4.0,1.0,4.0,4.0,1971.0,2.0,2.0,495.0,2.0,3.0,2.0,0.0,66.0,0.0,0.0,0.0,0.0,0.0,0.0,2.0,0.0,6.000000000000002,2006.0,2.0,3.0,1.0,0.0,0.0,0.0,0.0,0.0
113,313,11.694413341015606,190.0,1.0,4.174387269895637,8.96187901267768,1.0,2.0,0.0,1.0,1.0,0.0,0.0,5.0,0.0,1.0,0.0,1.0,5.0,7.0,1939.0,1950.0,0.0,0.0,3.0,2.0,0.0,0.0,1.0,3.0,2.0,3.0,3.0,2.0,1.0,507.0,4.0,0.0,286.0,793.0,2.0,2.0,1.0,3.0,6.675823221634848,325.0,0.0,7.0192966537150445,1.0,0.0,1.0,0.0,3.0,1.0,1.0,5.000000000000001,4.0,1.0,4.0,2.0,1939.0,1.0,2.0,410.0,2.0,3.0,2.0,0.0,0.0,0.0,0.0,271.0,0.0,0.0,2.0,2.0,0.0,5.000000000000001,2006.0,2.0,3.0,0.0,0.0,0.0,0.0,0.0,0.0
114,1266,12.122147410592412,160.0,4.0,3.5553480614894135,8.225503097566916,1.0,2.0,0.0,1.0,1.0,3.0,0.0,18.0,2.0,1.0,4.0,5.0,7.0,5.0,1999.0,1999.0,2.0,0.0,3.0,2.0,2.0,218.0,2.0,3.0,4.0,3.0,3.0,1.0,6.0,450.0,4.0,0.0,241.0,691.0,2.0,4.0,1.0,3.0,6.569481420414296,739.0,0.0,7.280697195384741,1.0,0.0,2.0,1.0,3.0,1.0,2.0,6.000000000000002,4.0,0.0,1.0,2.0,1999.0,1.0,2.0,506.0,2.0,3.0,2.0,0.0,34.0,0.0,0.0,0.0,0.0,0.0,3.0,2.0,0.0,3.000000000000001,2006.0,2.0,3.0,0.0,0.0,0.0,0.0,0.0,0.0
115,963,11.951180395901384,160.0,3.0,3.1780538303479458,7.744136627627989,1.0,2.0,0.0,1.0,1.0,2.0,0.0,11.0,2.0,1.0,4.0,5.0,6.0,6.0,1976.0,1976.0,0.0,0.0,7.0,5.0,0.0,0.0,1.0,3.0,2.0,3.0,3.0,1.0,4.0,556.0,4.0,0.0,248.0,804.0,2.0,2.0,1.0,3.0,6.6895992691789665,744.0,0.0,7.344719054149673,1.0,0.0,2.0,1.0,3.0,1.0,2.0,7.000000000000002,4.0,1.0,3.0,2.0,1976.0,1.0,2.0,440.0,2.0,3.0,2.0,48.000000000000014,0.0,0.0,0.0,0.0,0.0,0.0,3.0,2.0,0.0,7.000000000000002,2007.0,2.0,3.0,0.0,0.0,0.0,0.0,0.0,0.0
116,225,12.864240107194092,20.0,3.0,4.634728988229636,9.508368736482106,1.0,2.0,0.0,1.0,1.0,0.0,0.0,21.0,2.0,1.0,3.0,3.0,10.0,5.0,2003.0,2003.0,2.0,0.0,10.0,10.0,2.0,922.0,3.0,3.0,4.0,4.0,3.0,4.0,6.0,56.0,4.0,0.0,2336.0,2392.0,2.0,4.0,1.0,3.0,7.779885115070522,0.0,0.0,7.779885115070522,0.0,0.0,2.0,0.0,3.0,1.0,3.0,8.000000000000002,4.0,1.0,5.0,4.0,2003.0,3.0,3.0,968.0,2.0,3.0,2.0,248.00000000000006,105.0,0.0,0.0,0.0,0.0,0.0,3.0,2.0,0.0,6.000000000000002,2009.0,2.0,3.0,0.0,0.0,0.0,0.0,0.0,0.0
117,1082,11.79810440720389,20.0,3.0,4.31748811353631,8.9226582995244,1.0,2.0,0.0,1.0,1.0,2.0,0.0,6.0,1.0,1.0,3.0,3.0,5.0,5.0,1963.0,1963.0,0.0,0.0,6.0,6.0,0.0,0.0,1.0,3.0,2.0,2.0,3.0,1.0,4.0,824.0,4.0,0.0,216.0,1040.0,2.0,1.0,1.0,3.0,6.946975992135418,0.0,0.0,6.946975992135418,1.0,0.0,1.0,1.0,3.0,1.0,1.0,5.000000000000001,4.0,0.0,1.0,4.0,1963.0,3.0,1.0,308.0,2.0,3.0,2.0,0.0,0.0,220.0,0.0,0.0,0.0,0.0,2.0,2.0,0.0,6.000000000000002,2010.0,2.0,3.0,0.0,0.0,0.0,0.0,0.0,0.0
118,81,12.173032791451973,60.0,3.0,4.605170185988092,9.472704636443671,1.0,2.0,0.0,1.0,1.0,2.0,0.0,8.0,2.0,1.0,3.0,5.0,6.0,6.0,1968.0,1968.0,0.0,0.0,10.0,10.0,2.0,576.0,1.0,2.0,2.0,3.0,3.0,1.0,1.0,448.0,4.0,0.0,448.0,896.0,2.0,2.0,1.0,3.0,7.074963197966044,960.0,0.0,7.669495251007694,0.0,0.0,2.0,1.0,4.0,1.0,2.0,8.000000000000002,4.0,1.0,4.0,4.0,1968.0,3.0,1.0,509.0,2.0,3.0,2.0,0.0,72.0,0.0,0.0,252.0,0.0,0.0,3.0,2.0,0.0,6.000000000000002,2009.0,2.0,3.0,0.0,0.0,0.0,0.0,0.0,0.0
119,318,12.506177237980511,60.0,4.0,4.31748811353631,9.104979856318355,1.0,2.0,0.0,1.0,1.0,0.0,0.0,18.0,2.0,1.0,3.0,5.0,8.0,5.0,2006.0,2006.0,0.0,0.0,10.0,10.0,0.0,0.0,2.0,3.0,4.0,3.0,3.0,3.0,5.0,0.0,4.0,0.0,1088.0,1088.0,2.0,4.0,1.0,3.0,6.992096427415888,871.0,0.0,7.580189417944541,0.0,0.0,2.0,1.0,3.0,1.0,2.0,8.000000000000002,4.0,1.0,4.0,4.0,2006.0,2.0,3.0,1025.0,2.0,3.0,2.0,208.00000000000006,46.0,0.0,0.0,0.0,0.0,0.0,3.0,2.0,0.0,12.000000000000004,2007.0,2.0,3.0,0.0,0.0,0.0,0.0,0.0,0.0
120,149,11.856515169360305,20.0,3.0,4.143134726391533,8.9226582995244,1.0,2.0,0.0,1.0,1.0,0.0,0.0,10.0,2.0,1.0,3.0,3.0,7.0,5.0,2004.0,2005.0,0.0,0.0,10.0,10.0,2.0,120.0,1.0,3.0,4.0,3.0,3.0,1.0,6.0,680.0,4.0,0.0,400.0,1080.0,2.0,4.0,1.0,3.0,6.984716320118266,0.0,0.0,6.984716320118266,1.0,0.0,1.0,0.0,3.0,1.0,2.0,6.000000000000002,4.0,0.0,1.0,0.0,2005.0,0.0,0.0,0.0,0.0,0.0,2.0,0.0,0.0,0.0,0.0,0.0,0.0,0.0,3.0,2.0,0.0,4.000000000000001,2008.0,2.0,3.0,0.0,0.0,1.0,0.0,0.0,0.0
121,579,11.891361900690473,160.0,4.0,3.5263605246161616,8.189799618728227,1.0,1.0,0.0,1.0,1.0,2.0,0.0,18.0,2.0,1.0,4.0,5.0,7.0,5.0,2007.0,2007.0,0.0,0.0,10.0,10.0,0.0,0.0,2.0,3.0,4.0,3.0,3.0,1.0,5.0,0.0,4.0,0.0,689.0,689.0,2.0,4.0,1.0,3.0,6.555356891810665,689.0,0.0,7.238496840894365,0.0,0.0,2.0,0.0,2.0,1.0,2.0,5.000000000000001,4.0,0.0,1.0,2.0,2007.0,1.0,2.0,540.0,2.0,3.0,2.0,0.0,102.0,0.0,0.0,0.0,0.0,0.0,3.0,2.0,0.0,2.0000000000000004,2008.0,2.0,1.0,0.0,0.0,0.0,0.0,0.0,0.0
122,680,11.763684183317412,20.0,3.0,4.0943445622221,9.204825191288071,1.0,2.0,1.0,1.0,1.0,0.0,0.0,6.0,2.0,1.0,3.0,3.0,5.0,5.0,1961.0,1961.0,2.0,0.0,1.0,1.0,2.0,57.0,1.0,3.0,2.0,2.0,3.0,1.0,1.0,827.0,4.0,0.0,161.0,988.0,2.0,2.0,1.0,3.0,6.895682697747868,0.0,0.0,6.895682697747868,1.0,0.0,1.0,0.0,3.0,1.0,1.0,5.000000000000001,4.0,0.0,1.0,2.0,1963.0,1.0,2.0,572.0,2.0,3.0,2.0,0.0,0.0,0.0,0.0,0.0,0.0,0.0,3.0,2.0,0.0,10.000000000000002,2007.0,2.0,3.0,1.0,0.0,0.0,0.0,0.0,0.0
123,928,12.078239274020289,60.0,3.0,4.0943445622221,9.200290036122679,1.0,2.0,0.0,1.0,1.0,0.0,0.0,12.0,1.0,1.0,3.0,5.0,7.0,5.0,1968.0,1968.0,0.0,0.0,3.0,2.0,2.0,342.0,1.0,3.0,2.0,2.0,3.0,1.0,2.0,552.0,4.0,0.0,280.0,832.0,2.0,3.0,1.0,3.0,7.001245622069476,880.0,0.0,7.589841512182657,0.0,0.0,2.0,1.0,4.0,1.0,1.0,9.000000000000002,4.0,1.0,4.0,4.0,1968.0,2.0,2.0,486.0,2.0,3.0,2.0,0.0,43.0,0.0,0.0,0.0,0.0,0.0,4.0,2.0,0.0,4.000000000000001,2008.0,2.0,3.0,1.0,0.0,0.0,0.0,0.0,0.0
124,97,12.273731294003989,20.0,3.0,4.356708826689592,9.23639790629547,1.0,2.0,1.0,1.0,1.0,0.0,0.0,15.0,2.0,1.0,3.0,3.0,7.0,5.0,1999.0,1999.0,0.0,0.0,10.0,10.0,2.0,183.0,2.0,3.0,4.0,3.0,3.0,3.0,4.0,1162.0,4.0,0.0,426.0,1588.0,2.0,4.0,1.0,3.0,7.370230641807081,0.0,0.0,7.370230641807081,0.0,0.0,2.0,0.0,3.0,1.0,2.0,6.000000000000002,4.0,0.0,1.0,4.0,1999.0,2.0,2.0,472.0,2.0,3.0,2.0,158.00000000000003,29.0,0.0,0.0,0.0,0.0,0.0,3.0,2.0,0.0,8.000000000000002,2006.0,2.0,3.0,0.0,0.0,0.0,0.0,0.0,0.0
125,413,12.310432660854417,20.0,4.0,4.0943445622221,8.390041405755753,1.0,2.0,3.0,1.0,1.0,0.0,0.0,18.0,2.0,1.0,3.0,3.0,7.0,5.0,2009.0,2009.0,0.0,0.0,3.0,2.0,3.0,432.0,3.0,3.0,4.0,4.0,3.0,3.0,6.0,578.0,4.0,0.0,892.0,1470.0,2.0,4.0,1.0,3.0,7.298445101508147,0.0,0.0,7.298445101508147,1.0,0.0,2.0,1.0,2.0,1.0,2.0,7.000000000000002,4.0,1.0,4.0,4.0,2009.0,3.0,2.0,484.0,2.0,3.0,2.0,0.0,144.0,0.0,0.0,0.0,0.0,0.0,3.0,2.0,0.0,6.000000000000002,2010.0,3.0,4.0,1.0,0.0,0.0,0.0,0.0,0.0
126,279,12.936751613811438,20.0,3.0,4.672828834461906,9.578449693540577,1.0,2.0,0.0,1.0,1.0,0.0,0.0,21.0,2.0,1.0,3.0,3.0,9.0,5.0,2006.0,2007.0,0.0,0.0,9.0,9.0,2.0,315.0,3.0,3.0,4.0,4.0,3.0,4.0,5.0,0.0,4.0,0.0,2121.0,2121.0,2.0,4.0,1.0,3.0,7.659642954564682,0.0,0.0,7.659642954564682,0.0,0.0,2.0,1.0,3.0,1.0,3.0,8.000000000000002,4.0,1.0,5.0,4.0,2007.0,3.0,3.0,732.0,2.0,3.0,2.0,124.00000000000003,98.0,0.0,0.0,142.0,0.0,0.0,3.0,2.0,0.0,5.000000000000001,2007.0,3.0,4.0,0.0,0.0,0.0,0.0,0.0,0.0
127,382,12.142866569626381,20.0,4.0,4.0943445622221,8.881836305004144,1.0,1.0,0.0,1.0,1.0,0.0,0.0,18.0,2.0,1.0,3.0,3.0,7.0,5.0,2006.0,2006.0,0.0,0.0,10.0,10.0,0.0,0.0,2.0,3.0,4.0,3.0,4.0,1.0,5.0,0.0,4.0,0.0,1293.0,1293.0,2.0,4.0,1.0,3.0,7.170888478512505,0.0,0.0,7.170888478512505,1.0,0.0,2.0,0.0,2.0,1.0,2.0,5.000000000000001,4.0,1.0,4.0,4.0,2006.0,2.0,2.0,572.0,2.0,3.0,2.0,216.00000000000006,121.0,0.0,0.0,0.0,0.0,0.0,3.0,2.0,0.0,8.000000000000002,2006.0,3.0,4.0,0.0,0.0,0.0,0.0,0.0,0.0
128,978,12.205572520488492,120.0,4.0,3.5553480614894135,8.360305435879091,1.0,1.0,1.0,1.0,1.0,0.0,0.0,18.0,2.0,1.0,4.0,3.0,7.0,5.0,2006.0,2007.0,0.0,0.0,10.0,10.0,1.0,0.0,2.0,3.0,4.0,3.0,3.0,1.0,6.0,1106.0,4.0,0.0,135.0,1241.0,2.0,4.0,1.0,3.0,7.123672785204607,0.0,0.0,7.123672785204607,1.0,0.0,1.0,1.0,1.0,1.0,2.0,4.000000000000001,4.0,0.0,1.0,4.0,2007.0,3.0,2.0,569.0,2.0,3.0,2.0,0.0,116.0,0.0,0.0,0.0,0.0,0.0,3.0,2.0,0.0,11.000000000000002,2007.0,3.0,4.0,0.0,1.0,0.0,0.0,0.0,0.0
129,1056,12.100712129872347,20.0,3.0,4.6443908991413725,9.337941716569903,1.0,2.0,0.0,1.0,1.0,0.0,0.0,12.0,2.0,1.0,3.0,3.0,6.0,5.0,1976.0,1976.0,0.0,0.0,7.0,7.0,2.0,160.0,1.0,3.0,2.0,3.0,3.0,1.0,4.0,644.0,4.0,0.0,549.0,1193.0,2.0,2.0,1.0,3.0,7.328437352895162,0.0,0.0,7.328437352895162,0.0,1.0,2.0,0.0,3.0,1.0,1.0,7.000000000000002,4.0,1.0,3.0,4.0,1976.0,3.0,2.0,478.0,2.0,3.0,2.0,0.0,0.0,0.0,0.0,189.0,0.0,0.0,2.0,2.0,0.0,5.000000000000001,2008.0,0.0,1.0,0.0,0.0,0.0,0.0,0.0,0.0
130,421,12.237086699059343,90.0,1.0,4.356708826689592,8.862200330487285,1.0,2.0,0.0,1.0,1.0,0.0,0.0,9.0,2.0,1.0,1.0,0.0,7.0,5.0,1997.0,1998.0,0.0,0.0,10.0,10.0,2.0,200.0,1.0,2.0,4.0,3.0,4.0,4.0,6.0,1309.0,4.0,0.0,35.0,1344.0,2.0,4.0,1.0,3.0,7.203405521083095,0.0,0.0,7.203405521083095,2.0,0.0,2.0,0.0,2.0,2.0,1.0,8.000000000000002,4.0,0.0,1.0,4.0,1997.0,3.0,4.0,784.0,2.0,3.0,2.0,0.0,0.0,0.0,0.0,0.0,0.0,0.0,3.0,2.0,0.0,11.000000000000002,2008.0,2.0,0.0,0.0,0.0,0.0,0.0,0.0,0.0
131,1075,12.175613438045465,20.0,3.0,4.30406509320417,9.054388070202295,1.0,2.0,0.0,1.0,1.0,0.0,0.0,15.0,2.0,1.0,3.0,3.0,7.0,5.0,2006.0,2006.0,0.0,0.0,10.0,10.0,0.0,0.0,2.0,3.0,4.0,3.0,3.0,3.0,5.0,0.0,4.0,0.0,1240.0,1240.0,2.0,4.0,1.0,3.0,7.122866658599083,0.0,0.0,7.122866658599083,0.0,0.0,2.0,0.0,2.0,1.0,2.0,5.000000000000001,4.0,0.0,1.0,4.0,2006.0,2.0,3.0,826.0,2.0,3.0,2.0,140.00000000000003,93.0,0.0,0.0,0.0,0.0,0.0,3.0,2.0,0.0,5.000000000000001,2007.0,2.0,3.0,0.0,0.0,0.0,0.0,0.0,0.0
132,898,11.870271183889114,90.0,3.0,4.1588830833596715,8.856233556143158,1.0,2.0,0.0,1.0,1.0,0.0,0.0,10.0,1.0,1.0,1.0,5.0,5.0,5.0,1979.0,1979.0,0.0,0.0,7.0,7.0,0.0,0.0,1.0,3.0,0.0,0.0,1.0,0.0,0.0,0.0,0.0,0.0,0.0,0.0,2.0,2.0,1.0,3.0,7.02108396428914,1120.0,0.0,7.7142311448490855,0.0,0.0,2.0,0.0,6.0,2.0,1.0,12.000000000000004,4.0,0.0,1.0,2.0,1979.0,1.0,2.0,528.0,2.0,3.0,2.0,154.00000000000003,0.0,0.0,0.0,0.0,0.0,0.0,3.0,2.0,0.0,6.000000000000002,2009.0,2.0,0.0,0.0,0.0,0.0,0.0,0.0,0.0
133,1430,12.116694834378958,20.0,3.0,4.0943445622221,9.437157168656686,1.0,2.0,1.0,1.0,1.0,2.0,0.0,12.0,2.0,1.0,3.0,3.0,6.0,7.0,1981.0,1981.0,0.0,0.0,3.0,2.0,2.0,310.0,2.0,2.0,2.0,3.0,3.0,1.0,2.0,678.0,4.0,0.0,762.0,1440.0,2.0,4.0,1.0,3.0,7.272398392570047,0.0,0.0,7.272398392570047,0.0,0.0,2.0,0.0,3.0,1.0,2.0,7.000000000000002,4.0,1.0,3.0,4.0,1981.0,3.0,2.0,467.0,2.0,3.0,2.0,0.0,0.0,99.0,0.0,0.0,0.0,0.0,3.0,2.0,0.0,4.000000000000001,2007.0,2.0,3.0,1.0,0.0,0.0,0.0,0.0,0.0
134,1201,11.661776411702583,20.0,3.0,4.2626798770413155,9.14345242643455,1.0,2.0,0.0,1.0,1.0,0.0,0.0,8.0,2.0,1.0,3.0,3.0,4.0,5.0,1970.0,1970.0,0.0,0.0,3.0,2.0,0.0,0.0,1.0,3.0,2.0,2.0,3.0,1.0,5.0,0.0,4.0,0.0,864.0,864.0,2.0,3.0,1.0,3.0,6.761572768804055,0.0,0.0,6.761572768804055,0.0,0.0,1.0,0.0,3.0,1.0,1.0,5.000000000000001,4.0,0.0,1.0,4.0,1972.0,1.0,1.0,280.0,2.0,3.0,2.0,0.0,0.0,0.0,0.0,0.0,0.0,0.0,3.0,1.0,0.0,7.000000000000002,2006.0,1.0,1.0,0.0,0.0,0.0,0.0,0.0,0.0
135,543,12.270220465353926,20.0,3.0,4.356708826689592,9.224243277145172,1.0,2.0,0.0,1.0,1.0,0.0,0.0,12.0,3.0,1.0,3.0,3.0,7.0,5.0,1998.0,1999.0,2.0,0.0,10.0,10.0,0.0,0.0,2.0,3.0,4.0,4.0,3.0,1.0,3.0,144.0,5.0,1127.0000000000002,379.0,1650.0,2.0,4.0,1.0,3.0,7.426549072397305,0.0,0.0,7.426549072397305,1.0,0.0,2.0,0.0,3.0,1.0,2.0,7.000000000000002,0.0,1.0,3.0,4.0,1998.0,3.0,2.0,583.0,2.0,3.0,2.0,78.00000000000001,73.0,0.0,0.0,0.0,0.0,0.0,3.0,2.0,0.0,6.000000000000002,2009.0,2.0,3.0,0.0,0.0,0.0,0.0,0.0,0.0
136,824,11.845819880243557,50.0,3.0,4.0943445622221,9.200290036122679,1.0,2.0,0.0,1.0,1.0,0.0,0.0,7.0,2.0,1.0,3.0,1.0,6.0,7.0,1940.0,1950.0,0.0,0.0,10.0,10.0,0.0,0.0,1.0,3.0,1.0,2.0,3.0,1.0,5.0,0.0,4.0,0.0,778.0,778.0,2.0,2.0,1.0,3.0,6.8501261661455,545.0,0.0,7.305860032684009,0.0,0.0,2.0,0.0,3.0,1.0,1.0,7.000000000000002,4.0,1.0,4.0,2.0,1940.0,1.0,1.0,240.0,2.0,3.0,2.0,335.00000000000006,0.0,0.0,0.0,0.0,0.0,0.0,0.0,2.0,0.0,7.000000000000002,2009.0,2.0,3.0,0.0,0.0,0.0,0.0,0.0,0.0
137,743,12.095141084822892,20.0,3.0,4.174387269895637,9.041921720351217,1.0,2.0,0.0,1.0,1.0,0.0,0.0,10.0,2.0,1.0,3.0,3.0,7.0,5.0,2000.0,2001.0,0.0,0.0,10.0,10.0,2.0,108.0,1.0,3.0,4.0,3.0,3.0,1.0,5.0,0.0,4.0,0.0,1349.0,1349.0,2.0,4.0,1.0,3.0,7.207118856207756,0.0,0.0,7.207118856207756,0.0,0.0,2.0,0.0,3.0,1.0,1.0,6.000000000000002,4.0,0.0,1.0,4.0,2000.0,1.0,2.0,539.0,2.0,3.0,2.0,120.00000000000003,55.0,0.0,0.0,0.0,0.0,0.0,4.0,2.0,0.0,12.000000000000004,2007.0,2.0,3.0,0.0,0.0,0.0,0.0,0.0,0.0
138,789,11.588960151246226,20.0,1.0,3.912023005428146,8.69951474821019,1.0,2.0,0.0,1.0,1.0,2.0,0.0,5.0,2.0,1.0,3.0,3.0,4.0,7.0,1954.0,2000.0,0.0,0.0,3.0,2.0,0.0,0.0,1.0,3.0,2.0,2.0,3.0,1.0,5.0,0.0,4.0,0.0,901.0,901.0,2.0,4.0,1.0,3.0,6.803505257608338,0.0,0.0,6.803505257608338,0.0,0.0,1.0,0.0,2.0,1.0,1.0,4.000000000000001,4.0,0.0,1.0,2.0,1954.0,1.0,1.0,281.0,1.0,3.0,2.0,0.0,0.0,0.0,0.0,0.0,0.0,0.0,3.0,2.0,0.0,8.000000000000002,2008.0,2.0,3.0,0.0,0.0,0.0,0.0,0.0,0.0
139,782,12.077670930725649,60.0,3.0,4.174387269895637,8.875287128108383,1.0,2.0,0.0,1.0,1.0,0.0,0.0,10.0,2.0,1.0,3.0,5.0,6.0,5.0,1992.0,1992.0,0.0,0.0,10.0,10.0,0.0,0.0,2.0,2.0,4.0,3.0,3.0,1.0,4.0,387.0,4.0,0.0,374.0,761.0,2.0,4.0,1.0,3.0,6.697034247666484,793.0,0.0,7.3796321526095525,0.0,0.0,2.0,1.0,3.0,1.0,2.0,7.000000000000002,4.0,0.0,1.0,4.0,1992.0,2.0,2.0,484.0,2.0,3.0,2.0,0.0,124.0,0.0,0.0,0.0,0.0,0.0,3.0,2.0,0.0,7.000000000000002,2006.0,2.0,3.0,0.0,0.0,0.0,0.0,0.0,0.0
140,300,11.973509872299472,20.0,3.0,4.382026634673881,9.546812608597394,1.0,2.0,0.0,1.0,1.0,0.0,0.0,16.0,2.0,1.0,3.0,3.0,6.0,8.0,1950.0,2004.0,0.0,0.0,6.0,6.0,0.0,0.0,1.0,2.0,2.0,2.0,3.0,1.0,5.0,0.0,4.0,0.0,1092.0,1092.0,2.0,4.0,1.0,3.0,7.049254841255837,0.0,0.0,7.049254841255837,0.0,1.0,1.0,0.0,3.0,1.0,2.0,6.000000000000002,4.0,1.0,4.0,4.0,1950.0,1.0,1.0,300.0,2.0,3.0,2.0,0.0,36.0,0.0,0.0,0.0,0.0,0.0,4.0,2.0,0.0,8.000000000000002,2009.0,2.0,2.0,0.0,0.0,0.0,0.0,0.0,0.0
141,1453,11.884489021402711,180.0,1.0,3.5553480614894135,8.209308411646935,1.0,2.0,0.0,1.0,1.0,0.0,0.0,3.0,2.0,1.0,4.0,4.0,5.0,5.0,2005.0,2005.0,0.0,0.0,10.0,10.0,2.0,80.0,1.0,3.0,4.0,3.0,3.0,4.0,6.0,547.0,4.0,0.0,0.0,547.0,2.0,3.0,1.0,3.0,6.977281341630747,0.0,0.0,6.977281341630747,1.0,0.0,1.0,0.0,2.0,1.0,1.0,5.000000000000001,4.0,0.0,1.0,3.0,2005.0,3.0,2.0,525.0,2.0,3.0,2.0,0.0,28.0,0.0,0.0,0.0,0.0,0.0,3.0,2.0,0.0,5.000000000000001,2006.0,2.0,3.0,0.0,0.0,0.0,0.0,0.0,0.0
142,114,12.287652632522597,20.0,3.0,4.0943445622221,9.952277716705558,1.0,2.0,0.0,0.0,1.0,2.0,0.0,16.0,2.0,1.0,3.0,3.0,6.0,5.0,1953.0,1953.0,2.0,0.0,1.0,1.0,2.0,184.0,1.0,2.0,2.0,3.0,3.0,2.0,4.0,35.0,3.0,869.0000000000002,905.0,1809.0,2.0,2.0,1.0,3.0,7.7226775164680035,0.0,0.0,7.7226775164680035,1.0,0.0,2.0,0.0,3.0,1.0,2.0,7.000000000000002,4.0,2.0,4.0,3.0,1953.0,1.0,2.0,450.0,2.0,3.0,2.0,166.00000000000003,120.0,192.0,0.0,0.0,0.0,0.0,2.0,2.0,0.0,10.000000000000002,2007.0,0.0,1.0,1.0,0.0,0.0,0.0,0.0,0.0
143,1283,11.921718363171067,20.0,3.0,4.110873864173311,9.082507000466297,1.0,2.0,1.0,1.0,1.0,0.0,0.0,15.0,2.0,1.0,3.0,3.0,5.0,7.0,1977.0,2008.0,0.0,0.0,6.0,6.0,0.0,0.0,1.0,3.0,2.0,3.0,3.0,2.0,3.0,532.0,3.0,144.00000000000003,364.0,1040.0,2.0,2.0,1.0,3.0,6.946975992135418,0.0,0.0,6.946975992135418,0.0,0.0,2.0,0.0,3.0,1.0,2.0,5.000000000000001,4.0,0.0,1.0,2.0,1977.0,1.0,2.0,484.0,2.0,3.0,2.0,0.0,0.0,0.0,0.0,288.0,0.0,0.0,3.0,2.0,0.0,9.000000000000002,2009.0,2.0,3.0,0.0,0.0,0.0,0.0,0.0,0.0
144,1164,11.598726943661342,90.0,3.0,4.0943445622221,9.464982590349761,1.0,2.0,0.0,1.0,1.0,0.0,0.0,6.0,1.0,1.0,1.0,0.0,4.0,4.0,1969.0,1969.0,0.0,0.0,7.0,7.0,0.0,0.0,1.0,3.0,2.0,3.0,3.0,3.0,6.0,1198.0,4.0,0.0,0.0,1198.0,2.0,2.0,1.0,3.0,7.1372784372603855,0.0,0.0,7.1372784372603855,2.0,0.0,0.0,2.0,0.0,2.0,1.0,6.000000000000002,4.0,0.0,1.0,1.0,1969.0,1.0,2.0,400.0,1.0,3.0,2.0,120.00000000000003,0.0,0.0,0.0,0.0,0.0,0.0,3.0,2.0,0.0,1.0000000000000002,2008.0,2.0,0.0,0.0,0.0,0.0,0.0,0.0,0.0
145,311,12.017330520933296,60.0,3.0,4.0943445622221,8.947025655972695,1.0,2.0,1.0,1.0,1.0,0.0,0.0,13.0,2.0,1.0,3.0,5.0,6.0,5.0,1993.0,1994.0,0.0,0.0,6.0,6.0,2.0,112.0,1.0,3.0,4.0,3.0,3.0,1.0,4.0,518.0,4.0,0.0,179.0,697.0,2.0,3.0,1.0,3.0,6.546785410760524,804.0,0.0,7.313886831633462,0.0,0.0,2.0,1.0,3.0,1.0,2.0,6.000000000000002,4.0,1.0,3.0,4.0,1993.0,3.0,2.0,420.0,2.0,3.0,2.0,190.00000000000003,63.0,0.0,0.0,0.0,0.0,0.0,3.0,2.0,0.0,5.000000000000001,2006.0,2.0,3.0,1.0,0.0,0.0,0.0,0.0,0.0
